actor,avg_rating,avg_popularity,movie_count
50 Cent,5.8022857142857145,55.983,7
Aamir Khan,7.3834,22.4484,5
Aaron Eckhart,6.317842105263158,51.30147368421053,19
Aaron Paul,6.647857142857142,18.059142857142856,7
Aaron Taylor-Johnson,5.753214285714286,30.162142857142857,14
Abbie Cornish,6.4938,26.613,10
Abigail Breslin,6.706428571428572,26.823285714285714,14
Adam Brody,6.4350000000000005,26.049857142857146,7
Adam Devine,6.229571428571428,20.469142857142856,7
Adam Driver,6.797578947368421,39.29852631578947,19
Adam Sandler,6.123785714285715,35.835166666666666,42
Adewale Akinnuoye-Agbaje,5.8834,26.315800000000003,5
Adrien Brody,6.6314705882352944,32.47982352941177,17
Adèle Exarchopoulos,6.671857142857143,26.963428571428572,7
Ah Reum,6.1,23.7286,5
Ahn So-hee,5.449999999999999,18.57425,8
Ai Kayano,7.578499999999999,17.633666666666667,6
Aidan Quinn,6.688166666666667,21.589,6
Akemi Okamura,7.15688888888889,24.22938888888889,18
Akio Otsuka,7.065285714285714,18.66357142857143,7
Akira Ishida,6.5842,21.6456,5
Akira Kamiya,7.168699999999999,16.1528,10
Al Pacino,7.082148148148148,29.678333333333335,27
Alain Delon,6.960571428571429,15.072714285714286,7
Alan Alda,6.9515,22.883333333333336,6
Alan Arkin,6.873615384615385,28.183769230769233,13
Alan Cumming,5.800166666666667,15.829333333333333,6
Alan Rickman,7.0782,23.1605,10
Alan Tudyk,7.103,215.01755555555553,9
Albert Brooks,7.093,30.69883333333333,6
Albert Finney,7.084625,20.42475,8
Alden Ehrenreich,6.2248,33.8104,5
Aldis Hodge,6.81125,38.289,8
Alec Baldwin,6.328862068965518,21.471241379310342,29
Alec Guinness,7.4402,20.1296,5
Alessandro Nivola,6.7515,22.768,8
Alex Pettyfer,6.566,66.28633333333333,6
Alexa PenaVega,5.936400000000001,25.0434,5
Alexander Skarsgård,5.937166666666666,29.676083333333334,12
Alexandra Daddario,6.242916666666667,38.43658333333333,12
Alexandra Maria Lara,7.2674,26.3836,5
Alexandra Shipp,6.998714285714286,95.01057142857142,7
Alfre Woodard,6.703428571428572,25.714285714285715,7
Alfred Molina,6.618833333333334,18.938333333333333,12
Ali Larter,6.0354,24.7314,5
Alice Braga,6.531,34.10014285714286,7
Alice Eve,5.8575,51.968875000000004,8
Alice Krige,6.473,17.404,7
Alicia Silverstone,5.989777777777778,23.13411111111111,9
Alicia Vikander,6.66425,26.769625,8
Alison Brie,6.3571,45.8738,10
Allison Janney,6.862399999999999,64.604,5
Alyson Hannigan,5.918833333333333,29.381833333333333,6
Amanda Bynes,6.308833333333333,26.092,6
Amanda Crew,6.406000000000001,26.6034,5
Amanda Peet,6.134555555555555,21.66111111111111,9
Amanda Seyfried,6.607714285714286,30.316238095238095,21
Amber Heard,5.8236,35.4454,10
America Ferrera,7.2801,70.1541,10
America Young,7.0884,19.3904,5
Aml Ameen,6.098599999999999,33.2344,5
Amy Adams,6.771173913043478,28.60326086956522,23
Amy Poehler,5.219374999999999,39.307500000000005,8
Amy Ryan,6.6194999999999995,27.095375,8
Amy Smart,6.15275,32.33,12
Ana de Armas,6.333857142857142,45.32035714285714,14
Ana de la Reguera,6.3100000000000005,36.18675,8
Andie MacDowell,6.5817,21.503700000000002,10
Andrea Libman,7.5327142857142855,20.180285714285713,7
Andrea Riseborough,6.530444444444445,19.788333333333334,9
Andrew Garfield,6.9270000000000005,39.54754545454546,11
Andy García,6.377764705882353,23.140117647058823,17
Andy Lau,6.8469999999999995,23.8598,10
Andy Samberg,6.465307692307693,33.59230769230769,13
Andy Serkis,6.90790909090909,42.034727272727274,11
Angela Bassett,6.054555555555556,24.096777777777778,9
Angela Lansbury,6.9664,15.151599999999998,5
Angeli Khang,4.277272727272727,32.426,11
Angelina Jolie,6.542333333333334,30.520666666666667,30
Angélica Vale,7.5542,24.6156,5
Anika Noni Rose,6.774800000000001,30.5644,5
Anjelica Huston,6.834777777777777,21.682555555555556,9
Ann-Margret,6.539199999999999,18.988999999999997,5
Anna Faris,6.018761904761905,29.7002380952381,21
Anna Kendrick,6.597,40.33990476190476,21
Anna Paquin,7.187833333333334,15.862833333333334,6
AnnaSophia Robb,6.508666666666667,25.713166666666666,6
Annabelle Wallis,6.297142857142857,24.37257142857143,7
Annabeth Gish,6.575833333333333,20.586,6
Anndi McAfee,6.472199999999999,14.018200000000002,5
Anne Hathaway,6.705344827586206,35.91624137931034,29
Anne Heche,5.895222222222222,17.632777777777775,9
Annette Bening,6.681,21.330125,16
Ansel Elgort,6.9876000000000005,24.766,5
Anthony Anderson,6.0925,24.8055,8
Anthony Edwards,6.900333333333333,27.28316666666667,6
Anthony Hopkins,6.7635,32.03857142857143,28
Anthony Mackie,6.175777777777778,21.061333333333334,18
Anthony Perkins,6.529599999999999,18.881,5
Anthony Quinn,6.934444444444444,18.089444444444446,9
Anton Yelchin,6.757142857142857,16.39014285714286,7
Antonio Banderas,6.533216216216217,31.77802702702703,37
Anya Taylor-Joy,6.294727272727273,55.757999999999996,11
Aoi Yuki,7.486166666666667,25.188916666666668,12
Armand Assante,6.0055000000000005,21.078666666666667,6
Armie Hammer,6.873333333333333,24.80655555555556,9
Arnold Schwarzenegger,6.251310344827586,31.496000000000002,29
Arnold Vosloo,6.415285714285715,32.08157142857143,7
Asa Butterfield,6.506636363636364,62.672000000000004,11
Asami Seto,7.502000000000001,26.1444,5
Ashleigh Ball,7.394625,18.374125,8
Ashley Greene,6.156000000000001,21.337799999999998,5
Ashley Judd,6.342999999999999,18.253,7
Ashley Tisdale,6.329111111111112,21.246555555555556,9
Ashton Kutcher,6.244692307692308,28.484076923076923,13
Atsuko Tanaka,7.272799999999999,19.735400000000002,5
Aubrey Plaza,6.2756,24.2688,10
Audrey Hepburn,7.3162,17.561799999999998,10
Audrey Tautou,7.0116,22.3616,5
Awkwafina,6.212428571428572,68.25399999999999,7
Aya Hirano,7.3878,16.1268,5
Aya Hisakawa,7.8896,18.0046,5
Ayako Kawasumi,7.25,18.155666666666665,6
Ayane Sakura,5.509857142857143,14.626000000000001,7
Ayumu Murase,7.502666666666666,26.153000000000002,6
Azi Acosta,3.88,62.012,5
Baek Se-ri,4.622428571428571,20.772428571428573,7
Barbara Hershey,6.8565,21.967333333333332,6
Barbara Stanwyck,7.2276,29.5348,5
Barry Pepper,5.778666666666666,34.935833333333335,6
Bella Thorne,6.446625,44.389125,8
Ben Affleck,6.584310344827586,33.93824137931034,29
Ben Cross,6.292199999999999,20.8504,5
Ben Foster,6.6535789473684215,26.57978947368421,19
Ben Gazzara,6.9982,17.588,5
Ben Hardy,6.8208,27.5782,5
Ben Johnson,6.632714285714286,15.643714285714285,7
Ben Kingsley,6.703387096774194,26.402870967741936,31
Ben Mendelsohn,6.662583333333333,39.78241666666667,12
Ben Schwartz,5.783333333333334,37.71816666666667,6
Ben Stiller,6.29668,30.397199999999998,25
Ben Whishaw,6.910857142857144,24.715285714285717,7
Benedict Cumberbatch,7.23925,45.0716875,16
Benicio del Toro,6.703833333333333,27.293916666666664,12
Benjamin Bratt,6.578222222222222,42.41077777777778,9
Benoît Magimel,6.467,17.64766666666667,6
Benoît Poelvoorde,6.2748333333333335,17.057666666666666,6
Bette Midler,6.489,27.354333333333333,6
Beverly D'Angelo,7.052,30.239333333333335,6
Bill Farmer,7.0344,22.304,10
Bill Hader,6.445545454545454,38.36636363636364,11
Bill Murray,6.5192499999999995,26.867041666666665,24
Bill Nighy,6.653071428571429,60.89335714285714,14
Bill Paxton,6.643777777777777,25.627,18
Bill Pullman,6.465,21.060235294117646,17
Billy Bob Thornton,6.4078125,25.1199375,16
Billy Burke,6.522714285714286,36.187,7
Billy Connolly,6.1114999999999995,25.266833333333334,6
Billy Crudup,6.5665,30.715374999999998,8
Billy Crystal,6.515875,20.710250000000002,8
Billy Zane,6.131833333333333,27.38308333333333,12
Blake Lively,6.399,27.308333333333334,6
Blythe Danner,6.7012,24.9466,5
Bob Balaban,6.883857142857143,18.530571428571427,7
Bob Hoskins,6.480333333333333,26.916,6
Bobby Cannavale,6.432416666666666,24.14675,12
Bonnie Hunt,6.659333333333333,26.714,9
Booboo Stewart,6.788857142857142,31.366714285714288,7
Boris Karloff,7.075714285714286,18.139857142857142,7
Boyd Holbrook,6.373125,55.783500000000004,8
Brad Dourif,6.348833333333334,26.706500000000002,12
Brad Pitt,7.068891891891892,36.37581081081081,37
Bradford Dillman,6.535166666666666,16.222833333333334,6
Bradley Cooper,6.607925925925925,33.711814814814815,27
Bradley Whitford,6.785428571428571,23.06742857142857,7
Breckin Meyer,5.917285714285714,31.997714285714288,7
Brenda Song,6.0448,17.3474,5
Brendan Fraser,6.206277777777778,26.13883333333333,18
Brendan Gleeson,6.749904761904761,28.198238095238096,21
Brenton Thwaites,6.437125,32.445125,8
Brian Cox,6.411857142857143,24.655285714285714,14
Brian Dennehy,6.841,31.827111111111112,9
Brian Tyree Henry,4.519333333333333,46.126222222222225,9
Bridget Fonda,6.5648,17.9125,10
Bridget Moynahan,6.6302,26.986400000000003,5
Brie Larson,6.7679,170.84269999999998,10
Britt Robertson,6.97575,23.161375,8
Brittany Murphy,6.6426,21.4378,10
Brittany Snow,6.3225,30.064124999999997,8
Brooke Shields,6.3308333333333335,20.448833333333333,6
Bruce Campbell,6.683199999999999,20.815199999999997,5
Bruce Davison,5.8823333333333325,19.726666666666667,6
Bruce Dern,6.700222222222222,18.113444444444443,9
Bruce Greenwood,6.565214285714285,28.294,14
Bruce Lee,6.862833333333334,22.174000000000003,6
Bruce Willis,6.08277027027027,23.499202702702704,74
Bruno Bichir,7.498833333333334,30.218333333333334,6
Bruno Ganz,7.449,16.6302,5
Bryan Cranston,6.710705882352941,43.92170588235294,17
Bryce Dallas Howard,6.746428571428572,51.467499999999994,14
Bubba Smith,5.5228,24.3716,5
Bud Spencer,6.8829090909090915,14.529272727272728,11
Burt Lancaster,7.052727272727273,15.291363636363638,11
Burt Reynolds,6.3065,21.183333333333334,12
Burt Young,6.383666666666667,32.58022222222222,9
C. Thomas Howell,7.110142857142857,23.914142857142856,7
Cailee Spaeny,3.8542,49.575,5
Caleb Landry Jones,7.1370000000000005,36.20333333333333,6
Cam Gigandet,6.2775,26.2006,10
Cameron Diaz,6.337032258064516,32.798096774193546,31
Candice Bergen,6.6038,22.1428,5
Carey Mulligan,6.509769230769231,23.065461538461538,13
Carl Weathers,7.2536000000000005,41.003,5
Carla Gugino,6.126363636363636,24.665090909090907,11
Carlos Espejel,7.5542,24.6156,5
Carrie Fisher,7.3523,43.067,10
Carrie-Anne Moss,6.912571428571428,29.354071428571427,14
Carroll Baker,6.8268571428571425,19.471,7
Cary Elwes,6.5991875,27.5105,16
Cary Grant,7.1411428571428575,15.869071428571429,14
Cary-Hiroyuki Tagawa,5.767333333333333,20.253888888888888,9
Casey Affleck,6.6761,20.075499999999998,10
Casey Kasem,7.39375,21.044249999999998,8
Casper Van Dien,6.0334,29.660000000000004,5
Cate Blanchett,6.883826086956522,34.12547826086956,23
Catherine Deneuve,7.383857142857143,15.054142857142859,7
Catherine Keener,6.698833333333333,27.346166666666665,12
Catherine O'Hara,6.1463636363636365,36.166000000000004,11
Catherine Zeta-Jones,6.3067777777777785,29.53761111111111,18
Cathy Moriarty,6.780799999999999,24.1966,5
Cedric the Entertainer,5.9124,18.743199999999998,10
Chad Michael Collins,6.1411428571428575,26.003285714285713,7
Chad Michael Murray,5.549,23.15475,8
Chadwick Boseman,6.743333333333333,31.885499999999997,6
Chang Chen,6.981625,15.77975,8
Channing Tatum,6.556578947368421,25.13073684210526,19
Charlene Choi,6.516800000000001,18.411,5
Charles Bronson,6.5785,22.1714,10
Charles Dance,6.5445,30.20125,8
Charles Durning,7.0408,17.8528,5
Charles Grodin,6.2988333333333335,20.621166666666667,6
Charles Laughton,7.2604,24.343600000000002,5
Charlie Chaplin,8.222800000000001,16.6428,5
Charlie Day,6.224714285714286,58.67342857142857,7
Charlie Hunnam,6.768363636363636,28.76309090909091,11
Charlie Sheen,6.287625,23.2133125,16
Charlize Theron,6.587833333333333,25.42716666666667,30
Charlotte Gainsbourg,6.5274,24.7758,5
Charlotte Rampling,6.507230769230769,18.043692307692307,13
Charlton Heston,7.054384615384615,21.559846153846156,13
Chazz Palminteri,6.5296666666666665,18.334500000000002,6
Cheech Marin,6.6575999999999995,19.4714,5
Cher,6.9786,18.017,5
Chevy Chase,6.036272727272728,18.97218181818182,11
Chie Nakamura,7.213363636363636,34.227363636363634,11
Chingmy Yau,6.189,19.225,5
Chiwa Saito,7.316599999999999,15.4602,5
Chiwetel Ejiofor,6.3994,40.912666666666674,15
Chloë Grace Moretz,6.711388888888888,28.21066666666667,18
Choi Min-sik,6.6324,21.3247,10
Chow Yun-fat,6.3641,17.032400000000003,10
Chris Carmack,5.1692,23.5704,5
Chris Cooper,6.932733333333333,21.199133333333332,15
Chris Diamantopoulos,6.848999999999999,31.418285714285712,7
Chris Evans,6.78309090909091,44.90481818181818,33
Chris Hemsworth,6.268476190476191,60.17952380952381,21
Chris Klein,6.033666666666666,29.203833333333336,6
Chris Messina,6.470428571428571,23.101285714285716,7
Chris O'Donnell,6.1626666666666665,20.8085,6
Chris O'Dowd,6.6812,18.2208,5
Chris Pine,6.6194999999999995,112.12565,20
Chris Pratt,6.640949999999999,66.89665,20
Chris Rock,6.361277777777778,32.21577777777778,18
Chris Sarandon,7.066571428571429,30.15142857142857,7
Chris Tucker,6.7818,33.0086,5
Christian Bale,6.719818181818182,33.38342424242424,33
Christian Clavier,6.525857142857142,17.885857142857144,7
Christian Slater,6.378125,19.1556875,16
Christina Applegate,6.1147,21.7541,10
Christina Hendricks,6.836799999999999,25.301,5
Christina Ricci,6.373263157894737,20.264368421052634,19
Christine Taylor,6.2143999999999995,18.750999999999998,5
Christoph Waltz,6.825428571428572,51.353071428571425,14
Christophe Lambert,5.436222222222223,19.745444444444445,9
Christopher Abbott,6.3504,22.4988,5
Christopher Eccleston,6.594166666666666,28.068166666666666,6
Christopher Lee,6.4622222222222225,19.605222222222224,9
Christopher Lloyd,7.135857142857143,32.875,14
Christopher McDonald,5.599,25.35775,8
Christopher Meloni,6.236,16.50342857142857,7
Christopher Mintz-Plasse,6.869,25.422250000000002,8
Christopher Plummer,6.78755,25.32785,20
Christopher Reeve,6.29025,22.922875,8
Christopher Walken,6.655380952380953,23.426714285714286,21
Ciarán Hinds,6.482272727272728,23.64909090909091,11
Cillian Murphy,6.772333333333333,62.46183333333334,12
Claire Danes,6.866714285714286,21.73757142857143,7
Claire Forlani,6.423571428571428,21.906714285714287,7
Claire Foy,6.635,16.5138,5
Clancy Brown,6.445461538461538,27.503692307692308,13
Claude Rains,7.5652,19.7786,5
Cliff Curtis,6.40490909090909,26.501545454545454,11
Clifton Collins Jr.,6.585666666666666,64.24849999999999,6
Clint Eastwood,6.941097560975609,21.010609756097562,41
Clive Owen,6.626380952380952,21.23747619047619,21
Cloris Leachman,6.402333333333334,17.785833333333333,6
Cole Hauser,5.78,23.483571428571427,7
Cole Sprouse,5.5287999999999995,22.6124,5
Colin Farrell,6.428433333333333,24.694266666666667,30
Colin Firth,6.569,23.58484,25
Colm Feore,6.0776666666666666,19.30516666666667,6
Colm Meaney,6.329,41.934799999999996,5
Common,6.6684,34.2442,5
Connie Britton,6.584666666666667,16.833333333333332,6
Connie Nielsen,6.0974545454545455,73.2900909090909,11
Corey Hawkins,6.986400000000001,31.5108,5
Costas Mandylor,6.150399999999999,32.3658,5
Courteney Cox,6.313083333333334,23.10025,12
Courtney B. Vance,6.111,21.9335,6
Craig Bierko,6.733199999999999,30.4706,5
Craig Ferguson,7.267571428571428,42.278000000000006,7
Craig Robinson,6.0888333333333335,29.865666666666666,6
Craig T. Nelson,6.797499999999999,52.630125,8
Cuba Gooding Jr.,6.863176470588236,28.46035294117647,17
Curtis Armstrong,6.152833333333334,16.328333333333333,6
Cynthia Erivo,5.478199999999999,18.5054,5
Cécile de France,6.579833333333333,25.764333333333337,6
Daiki Yamashita,6.234,27.9438,5
Daisy Ridley,6.716800000000001,43.449799999999996,5
Dakota Fanning,6.722533333333333,41.1702,15
Dakota Johnson,6.119769230769231,42.98946153846154,13
Dan Aykroyd,6.156954545454545,23.480090909090908,22
Dan Fogler,6.422166666666667,28.623,6
Dan Hedaya,6.489,20.04,5
Dan Stevens,5.078818181818182,44.63254545454546,11
Dane Cook,5.793166666666667,19.674166666666668,6
Dane DeHaan,6.761500000000001,35.76283333333333,6
Daniel Auteuil,6.993625,14.572125,8
Daniel Brühl,6.850875,24.9135,8
Daniel Craig,6.800176470588235,32.74976470588235,17
Daniel Day-Lewis,7.054636363636363,18.105636363636364,11
Daniel Radcliffe,7.082545454545454,65.52054545454546,22
Daniel Stern,6.2134,39.9406,5
Danielle Panabaker,5.793428571428571,22.51914285714286,7
Danny Aiello,6.814777777777778,19.68911111111111,9
Danny DeVito,6.660190476190476,25.26366666666667,21
Danny Glover,6.517894736842106,27.516842105263162,19
Danny Huston,6.435615384615384,17.688153846153845,13
Danny McBride,6.410555555555556,33.73444444444445,9
Danny Trejo,5.739,26.945333333333334,15
Dany Boon,6.1321666666666665,15.566833333333333,6
Darren Criss,7.3262,84.92479999999999,5
Daryl Hannah,6.399555555555555,23.29011111111111,9
Dave Bautista,6.534777777777778,43.290333333333336,18
Dave Franco,5.751333333333333,21.25011111111111,9
Dave Goelz,6.771333333333334,16.61616666666667,6
David Arquette,6.295888888888888,27.256333333333334,9
David Carradine,6.529285714285714,20.845428571428574,7
David Cross,5.983,28.068571428571428,7
David Duchovny,6.034714285714286,16.632142857142856,7
David Graf,5.364,23.224999999999998,6
David Harbour,5.921125,55.990375,8
David Hasselhoff,4.8182,19.0292,5
David Morrissey,5.8824,16.7792,5
David Morse,6.911285714285714,25.456,7
David Niven,6.76,17.747625,8
David Ogden Stiers,6.365,33.5329,10
David Oyelowo,6.696692307692308,61.70076923076923,13
David Schwimmer,6.710857142857143,34.44414285714286,7
David Spade,6.352363636363637,35.70981818181818,11
David Strathairn,6.821,22.638846153846153,13
David Thewlis,6.55175,25.1790625,16
David Warner,6.703571428571428,17.290714285714284,7
David Wenham,7.045333333333333,24.363833333333332,6
Dax Shepard,5.813833333333332,19.621166666666664,6
DeForest Kelley,6.764799999999999,20.8656,5
Dean Norris,6.749,21.3666,5
Debby Ryan,6.316,15.923,6
Debi Derryberry,7.039833333333333,21.795166666666663,6
Deborah Kara Unger,6.272285714285714,16.797714285714285,7
Debra Messing,6.473571428571428,23.672285714285714,7
Dee Bradley Baker,6.599875,16.389,8
Delroy Lindo,5.366615384615385,18.501384615384616,13
Demi Moore,6.238,21.525875,16
Demián Bichir,6.089555555555555,25.936555555555557,9
Denis Leary,6.529333333333334,41.434666666666665,9
Denise Richards,6.431375,24.666625,8
Dennis Haysbert,6.0108,20.55,5
Dennis Hopper,6.339555555555555,20.936888888888888,9
Dennis Quaid,6.537551724137931,23.07003448275862,29
Denzel Washington,6.6635,28.645473684210526,38
Derek Luke,6.733,14.255166666666668,6
Derek Nelson,5.135,23.0678,5
Dermot Mulroney,6.329526315789473,21.78252631578947,19
Dev Patel,6.145499999999999,25.887333333333334,12
Devon Sawa,5.936333333333334,23.2405,6
Diana Kaarina,7.024800000000001,26.0268,5
Diane Keaton,6.670944444444444,20.514333333333333,18
Diane Kruger,6.595916666666667,22.594083333333334,12
Diane Lane,6.4287368421052635,21.04742105263158,19
Dianne Wiest,6.906666666666666,19.71811111111111,9
Diego Luna,6.785555555555556,24.21677777777778,9
Dina Meyer,6.2216000000000005,22.2232,5
Diora Baird,5.49,26.797999999999995,5
Djimon Hounsou,6.133636363636364,69.05963636363636,11
Do Mo-Se,5.966666666666666,27.403833333333335,6
Dolph Lundgren,5.9382222222222225,26.283277777777776,18
Dom DeLuise,6.270714285714285,17.399,7
Domhnall Gleeson,7.248,30.61025,8
Dominic Cooper,6.515727272727273,25.834727272727275,11
Dominic Purcell,6.281833333333334,20.3755,6
Dominic West,6.458666666666667,24.432444444444442,9
Don Ameche,6.8420000000000005,19.599600000000002,5
Don Cheadle,6.594857142857142,25.29057142857143,21
Don Johnson,5.934166666666666,16.055333333333333,6
Don Rickles,7.1122,45.757,5
Donald Pleasence,6.445538461538462,20.24953846153846,13
Donald Sutherland,6.603149999999999,19.961000000000002,20
Donnie Yen,6.814222222222222,38.63322222222222,18
Doug Jones,6.6036,32.192,5
Dougray Scott,6.2946,39.2852,5
Dove Cameron,7.1255,27.624000000000002,8
Drew Barrymore,6.472818181818181,25.046727272727274,22
Dustin Hoffman,6.838903225806452,26.291483870967745,31
Dwayne Johnson,6.183878787878788,37.622151515151515,33
Dwight Yoakam,6.483,21.123399999999997,5
Dylan Baker,6.805,16.663,5
Dylan McDermott,6.269142857142858,25.883,7
Dylan O'Brien,6.828888888888889,37.28211111111111,9
Ed Asner,6.584833333333333,47.95850000000001,6
Ed Harris,6.6136,23.4476,25
Ed Helms,6.5801,46.5265,10
Ed Skrein,5.450111111111111,62.29155555555556,9
Eddie Albert,6.8586,19.2348,5
Eddie Griffin,5.282666666666667,21.6075,6
Eddie Marsan,6.570333333333333,18.768333333333334,6
Eddie Murphy,6.191828571428571,31.929657142857142,35
Eddie Redmayne,6.808333333333334,32.09941666666666,12
Edgar Ramírez,6.482375,27.80675,8
Edward Burns,6.2962,20.71,5
Edward Furlong,6.202125,24.6675,8
Edward James Olmos,7.2644,28.1642,5
Edward Norton,7.212166666666666,31.868722222222218,18
Elena Anaya,6.290833333333333,29.127166666666668,6
Eli Wallach,7.244400000000001,26.3876,5
Elias Koteas,5.994,21.704666666666665,9
Elijah Wood,6.6859375,37.9000625,16
Elisabeth Moss,6.6046000000000005,27.260200000000005,5
Elisabeth Shue,6.3062,23.5229,10
Elizabeth Banks,6.413388888888889,103.73744444444444,18
Elizabeth Daily,6.111800000000001,16.9506,5
Elizabeth Mitchell,6.4342,24.053,5
Elizabeth Olsen,6.551333333333333,47.478166666666674,6
Elizabeth Perkins,6.047,23.642375,8
Elizabeth Peña,6.797,17.2316,5
Elle Fanning,6.699923076923077,24.426538461538463,13
Ellen Barkin,6.185599999999999,19.9182,5
Ellen Burstyn,6.5442857142857145,26.039714285714286,7
Elliot Page,6.811,18.535714285714285,7
Elsie Fisher,5.538333333333334,39.652166666666666,6
Elvis Tsui Kam-Kong,5.5914,23.8698,5
Embeth Davidtz,6.9338,27.1986,5
Emi Takei,7.340000000000001,18.8012,5
Emile Hirsch,6.543611111111111,26.068277777777777,18
Emilia Clarke,6.907857142857142,42.883428571428574,7
Emilio Estevez,6.474888888888889,16.273222222222223,9
Emily Blunt,6.3010769230769235,43.163999999999994,26
Emily Browning,6.1722,29.2378,5
Emily Mortimer,6.5600000000000005,33.62542857142857,7
Emily Watson,7.184454545454545,21.34290909090909,11
Emma Roberts,6.5079375,25.518875,16
Emma Stone,6.831095238095238,60.82495238095238,21
Emma Thompson,7.0366875,28.155375,16
Emma Watson,7.214388888888889,79.55294444444445,18
Emmanuelle Chriqui,5.5112,15.472,5
Eoin Macken,6.1468,18.2994,5
Eric Bana,6.844214285714286,27.219714285714286,14
Eric Bauza,6.759,21.0764,5
Eric Christian Olsen,5.798666666666667,19.233166666666666,6
Eric Roberts,5.5315,15.1115,6
Eric Stoltz,6.676333333333333,14.170333333333332,6
Eric Tsang,6.644833333333334,18.351333333333333,6
Erica Lindbeck,6.703999999999999,15.669,5
Erika Christensen,6.3422,18.4418,5
Ernest Borgnine,6.907,19.90277777777778,9
Ethan Hawke,6.760454545454546,28.02166666666667,33
Eugene Levy,5.890714285714286,19.732285714285716,7
Eugenio Derbez,7.539875,118.28762499999999,8
Eva Green,6.537416666666666,27.64225,12
Eva Mendes,6.218222222222222,25.143555555555555,9
Evan Rachel Wood,6.191,16.5444,5
Eve Hewson,6.693599999999999,22.083199999999998,5
Everett McGill,6.952,18.2936,5
Ewan McGregor,6.6169,25.536633333333334,30
Ewen Bremner,6.921600000000001,23.221,5
F. Murray Abraham,7.248875,30.438375,8
Fairuza Balk,6.3696,22.999000000000002,5
Famke Janssen,6.284538461538461,33.90469230769231,13
Fan Bingbing,6.5600000000000005,15.776,5
Faye Dunaway,6.582428571428571,18.761214285714285,14
Felicity Jones,6.7182,20.7899,10
Femi Benussi,5.135,26.0454,5
Finn Wolfhard,5.476500000000001,40.86633333333334,6
Fiona Dourif,6.0152,24.235599999999998,5
Florence Pugh,6.156499999999999,28.660500000000003,10
Forest Whitaker,6.493555555555555,22.428703703703704,27
Frances McDormand,7.049333333333333,23.65575,12
Frank Finlay,6.4902,30.812599999999996,5
Frank Grillo,6.149578947368421,23.93273684210526,19
Frank Langella,6.3826,19.6102,10
Frank Oz,6.6701999999999995,16.3356,5
Frank Welker,7.382611111111111,20.101583333333334,36
Frank Whaley,6.6861999999999995,22.9214,5
Franka Potente,7.1202,32.82,5
Frankie Muniz,5.465,16.9426,5
François Civil,7.208799999999999,24.904,5
François Cluzet,6.7585999999999995,24.5406,5
Fred Tatasciore,6.912833333333334,20.171,6
Fred Ward,6.406833333333334,22.394833333333334,6
Freddie Highmore,6.537166666666667,33.361,12
Freddie Prinze Jr.,5.654111111111111,23.072222222222223,9
Freida Pinto,6.4106,27.1522,5
Fumiko Orikasa,7.2274,16.488400000000002,5
Gabriel Byrne,6.598294117647058,23.830411764705882,17
Gabriel Macht,5.991666666666667,18.161166666666666,6
Gabriele Tinti,5.471857142857142,24.23,7
Gabrielle Union,6.404300000000001,21.0998,10
Gaby Hoffmann,6.546600000000001,19.1634,5
Gael García Bernal,7.123875,35.00625,8
Gal Gadot,6.767666666666667,57.93300000000001,9
Gang Dong-won,6.508,20.9754,5
Garrett Hedlund,6.554749999999999,29.6125,12
Gary Busey,6.52075,24.039125000000002,8
Gary Oldman,6.7691333333333334,32.5629,30
Gary Sinise,6.699777777777778,24.159888888888887,9
Geena Davis,6.5688,24.0561,10
Gemma Arterton,6.334666666666667,28.381666666666664,6
Gena Rowlands,6.995166666666666,25.465166666666665,6
Gene Hackman,6.787857142857143,21.034464285714286,28
Gene Kelly,7.26,17.035,5
Gene Wilder,6.9623333333333335,34.334777777777774,9
Geoffrey Lewis,6.0874,17.4948,5
Geoffrey Rush,6.859285714285714,41.591499999999996,14
George C. Scott,7.18725,18.30725,8
George Carlin,6.1850000000000005,19.6062,5
George Clooney,6.508923076923077,22.648653846153845,26
George Kennedy,6.533333333333334,20.067833333333333,6
George Lopez,5.8742,19.7478,5
George MacKay,7.032,19.70075,8
George Sanders,7.352714285714286,19.32785714285714,7
Geraldine Viswanathan,5.497833333333333,17.3615,6
Gerard Butler,6.638933333333333,35.6179,30
Gideon Adlon,6.5908,80.37180000000001,5
Gilles Lellouche,6.4166,22.3514,5
Gillian Anderson,6.50975,17.77875,8
Gillian Jacobs,6.4094,23.8548,5
Gina Gershon,6.559399999999999,27.082,5
Gina Rodriguez,6.358714285714286,23.841,7
Ginnifer Goodwin,7.0602,41.366,5
Giovanni Ribisi,6.326272727272727,20.948545454545453,11
Glenn Close,6.4745625,24.466875,16
Goldie Hawn,6.342428571428571,19.204,7
Golshifteh Farahani,7.111428571428571,35.03528571428571,7
Gong Li,7.03825,20.0925,8
Graham Greene,7.1768,23.415399999999998,5
Greg Cipes,7.1494,28.956200000000003,5
Greg Kinnear,6.625421052631578,17.761052631578945,19
Gregory Peck,7.2521,18.369400000000002,10
Greta Gerwig,6.441800000000001,14.1784,5
Grey DeLisle,7.393,20.93732142857143,28
Gugu Mbatha-Raw,6.7057777777777785,97.06855555555556,9
Guillaume Canet,6.449777777777778,45.37566666666666,9
Guy Pearce,6.782307692307692,33.50073076923077,26
Gwyneth Paltrow,6.741692307692308,36.449384615384616,13
Gérard Depardieu,6.277666666666666,18.744083333333332,12
Ha Jung-woo,7.664142857142857,27.952428571428573,7
Hae Il,4.34,31.1267,10
Hailee Steinfeld,6.399461538461538,48.9316923076923,13
Haley Bennett,6.785200000000001,18.4632,5
Haley Joel Osment,6.733714285714286,25.72357142857143,7
Haley Lu Richardson,7.080500000000001,28.418166666666664,6
Halle Berry,6.317142857142857,28.757857142857144,14
Han Hyo-joo,7.150833333333334,23.371,6
Han Yi-seul,4.36,29.1872,5
Hank Azaria,6.209333333333333,37.42158333333334,12
Harold Perrineau,6.7446,16.0006,5
Harris Dickinson,6.966571428571428,35.248714285714286,7
Harrison Ford,6.8010769230769235,37.673256410256414,39
Harry Connick Jr.,6.8542000000000005,21.4364,5
Harry Dean Stanton,7.066857142857144,17.831285714285716,7
Harry Guardino,6.8924,14.568999999999999,5
Hart Bochner,5.827500000000001,16.394833333333334,6
Haruka Tomatsu,7.1958,22.7422,5
Harvey Keitel,6.922470588235294,22.265470588235292,17
Hayden Christensen,6.277153846153846,23.311230769230768,13
Hayden Panettiere,5.9562,27.240999999999996,5
Hayley Atwell,5.5766,78.0732,5
Heath Ledger,6.9056,34.2818,10
Heather Graham,5.9173636363636355,19.187454545454546,11
Hector Elizondo,6.367428571428571,21.961714285714287,7
Helen Hunt,6.748399999999999,22.431900000000002,10
Helen Mirren,6.76164705882353,21.331529411764706,17
Helena Bonham Carter,6.944090909090909,40.225227272727274,22
Henry Cavill,6.6196153846153845,52.65123076923077,13
Henry Czerny,6.473833333333334,24.299166666666665,6
Henry Fonda,6.987909090909091,16.391545454545454,11
Henry Golding,5.9071428571428575,25.884142857142855,7
Henry Thomas,6.262142857142857,28.111142857142855,7
Hilary Duff,6.059666666666666,18.8425,6
Hilary Swank,6.582357142857143,26.33092857142857,14
Hiromi Tsuru,6.982818181818183,37.162181818181814,11
Hiroshi Kamiya,7.58,23.1432,10
Hirotaka Suzuoki,7.269166666666667,29.2165,6
Hiroyuki Sanada,6.6318,21.6722,5
Holly Hunter,6.888,25.46,11
Hope Davis,6.789166666666667,21.985,6
Hugh Bonneville,7.0168333333333335,24.047,6
Hugh Grant,6.679866666666667,177.03346666666667,15
Hugh Jackman,6.521653846153845,31.779153846153847,26
Hugh Laurie,6.337625,25.92825,8
Hugo Weaving,6.802333333333333,34.308166666666665,12
Humphrey Bogart,7.588571428571428,18.05542857142857,7
Ian Holm,7.100454545454546,31.61527272727273,11
Ian McKellen,6.9762,50.2979,10
Ian McShane,6.504071428571429,84.00142857142858,14
Ice Cube,6.0913157894736845,22.01321052631579,19
Ichiro Nagai,7.093666666666667,25.9605,6
Idina Menzel,6.847,48.0325,8
Idris Elba,6.1714166666666666,39.30325,24
Iko Uwais,6.800142857142857,21.73442857142857,7
Ikue Otani,6.723608695652174,19.988652173913042,23
Imelda Staunton,7.0685714285714285,60.98457142857143,7
Imogen Poots,6.145272727272727,16.86890909090909,11
Ingrid Bergman,7.5098,22.8036,5
Inori Minase,7.579000000000001,22.604166666666668,6
Ioan Gruffudd,5.936375,30.225125000000002,8
Isabela Merced,5.007857142857143,38.268142857142855,7
Isabella Rossellini,6.0475,22.803625,8
Isabelle Adjani,6.758833333333333,19.368833333333335,6
Isabelle Fuhrman,6.1166,27.787,5
Isabelle Huppert,6.43925,16.927416666666666,12
Isaiah Washington,6.0744,20.4514,5
Isla Fisher,6.528928571428572,33.782357142857144,14
J.K. Simmons,6.548333333333334,24.512777777777778,18
J.T. Walsh,6.505,17.0898,5
Jack Black,6.028821428571428,43.21521428571429,28
Jack Dylan Grazer,7.393571428571429,45.51114285714285,7
Jack Hawkins,7.4572,20.9704,5
Jack Huston,6.3629999999999995,24.430799999999998,5
Jack Lemmon,7.0634999999999994,17.661285714285714,14
Jack Nicholson,6.97675,24.77465,20
Jack O'Connell,6.840375,18.3005,8
Jack Reynor,7.023666666666666,26.9075,6
Jack Warden,6.716285714285715,17.815428571428573,7
Jack Whitehall,4.0527999999999995,34.767399999999995,5
Jackie Chan,6.535964285714286,21.58182142857143,56
Jacob Elordi,6.941142857142857,59.49814285714286,7
Jacob Tremblay,7.038,27.724272727272727,11
Jacqueline Bisset,6.0207999999999995,16.0756,5
Jada Pinkett Smith,6.797357142857143,29.437071428571432,14
Jaden Smith,6.7042,50.2114,5
Jaeden Martell,6.792142857142857,21.456,7
Jai Courtney,6.0164285714285715,34.86257142857143,7
Jaime King,5.7982,17.4648,5
Jaime Pressly,5.413,29.731,5
Jake Gyllenhaal,6.815428571428571,36.00353571428572,28
Jake Johnson,6.616833333333333,37.934,6
James,3.1625,23.590500000000002,8
James Badge Dale,6.493333333333333,27.331555555555553,9
James Brolin,6.2585999999999995,18.1058,5
James Caan,6.901875,43.533875,8
James Coburn,6.588875,17.382875,8
James Corden,6.255875,22.938499999999998,8
James Cromwell,6.7144,28.3547,10
James Doohan,6.764799999999999,20.8656,5
James Earl Jones,6.524444444444445,27.200555555555557,9
James Franco,6.373619047619048,28.92980952380952,21
James Gandolfini,6.3445,21.472625,8
James Garner,7.281,33.2275,6
James Hong,6.728999999999999,33.517399999999995,5
James Marsden,6.067157894736842,30.294894736842103,19
James Mason,7.154222222222223,18.90122222222222,9
James McAvoy,6.282421052631579,27.849052631578946,19
James Norton,6.293166666666667,14.8975,6
James Purefoy,5.897285714285714,17.479285714285716,7
James Ransone,6.2594,18.3862,5
James Remar,6.1396,21.3528,5
James Spader,6.317181818181819,20.619727272727275,11
James Stewart,7.440733333333333,21.1832,15
James Woods,6.845142857142856,22.604285714285712,14
Jamie Bell,6.657733333333334,28.464533333333335,15
Jamie Chung,5.287166666666667,17.3205,6
Jamie Dornan,6.471636363636364,49.189818181818175,11
Jamie Foxx,6.730357142857143,31.440035714285717,28
Jamie Lee Curtis,6.317722222222222,25.464333333333332,18
Jane Fonda,6.719111111111111,34.74066666666667,9
Jane Seymour,6.6014,18.1054,5
Janet Leigh,7.345999999999999,19.35457142857143,7
Jang Dong-gun,7.343833333333333,14.955,6
Jang Hyuk,7.166,30.578166666666664,6
Jared Harris,6.2942,35.1772,5
Jared Leto,6.843818181818182,31.895818181818182,11
Jason Alexander,6.293428571428572,65.35785714285714,7
Jason Bateman,6.387700000000001,28.27355,20
Jason Biggs,6.1043,26.2109,10
Jason Clarke,6.586058823529411,25.818411764705882,17
Jason Flemyng,6.355833333333333,16.982166666666668,6
Jason Isaacs,6.822500000000001,21.670416666666668,12
Jason Lee,6.083636363636364,25.30627272727273,11
Jason Mantzoukas,6.3875,29.3145,6
Jason Momoa,5.7485,519.8188333333334,12
Jason O'Mara,7.0858888888888885,15.812777777777777,9
Jason Patric,6.1947,23.481299999999997,10
Jason Schwartzman,7.116,91.08144444444444,9
Jason Scott Lee,6.174833333333333,16.251166666666666,6
Jason Segel,5.964285714285714,25.82428571428571,7
Jason Statham,6.438179487179487,63.01161538461538,39
Jason Sudeikis,6.473714285714286,26.892285714285716,14
Javier Bardem,6.785166666666666,29.99491666666667,12
Jay Baruchel,6.9565882352941175,34.179235294117646,17
Jay Manalo,3.3628,28.5082,5
Jayma Mays,5.635166666666667,28.1255,6
Jean Reno,6.472888888888889,24.309055555555556,18
Jean-Claude Van Damme,5.904866666666666,22.271166666666666,30
Jeff Bennett,6.4692307692307685,19.805769230769233,13
Jeff Bridges,6.7449259259259255,23.805481481481483,27
Jeff Daniels,6.404272727272727,25.882090909090905,11
Jeff Fahey,5.836833333333334,87.52883333333334,6
Jeff Goldblum,6.0215,19.503333333333334,12
Jeffrey Dean Morgan,6.305545454545455,29.145727272727274,11
Jeffrey Donovan,6.354875,27.137249999999998,8
Jeffrey Wright,6.534928571428572,32.16007142857143,14
Jena Malone,6.7015,20.946099999999998,10
Jenna Ortega,6.207,58.069500000000005,12
Jennifer Aniston,6.417652173913043,27.832391304347826,23
Jennifer Beals,6.2498000000000005,15.9676,5
Jennifer Carpenter,6.951666666666667,30.072000000000003,6
Jennifer Connelly,6.701608695652174,24.389086956521737,23
Jennifer Coolidge,4.6000000000000005,23.098000000000003,7
Jennifer Ehle,6.235666666666667,35.559666666666665,6
Jennifer Garner,6.489666666666667,23.005708333333335,24
Jennifer Jason Leigh,6.722722222222222,22.411777777777775,18
Jennifer Lawrence,6.730555555555556,40.66872222222222,18
Jennifer Lopez,6.254913043478261,21.516695652173915,23
Jennifer Love Hewitt,5.831555555555556,31.793777777777777,9
Jennifer Tilly,6.344875,58.0655,8
Jenny Slate,6.967571428571429,42.202,7
Jensen Ackles,7.16425,62.099999999999994,8
Jeong Man-sik,7.37,22.377499999999998,6
Jeremy Davies,6.629599999999999,27.2596,5
Jeremy Irons,6.56372,23.60652,25
Jeremy Irvine,6.7366,19.955000000000002,5
Jeremy Renner,6.937916666666666,33.8465,12
Jerry O'Connell,6.315076923076924,21.673923076923074,13
Jerry Orbach,6.6942,53.209799999999994,5
Jesse Bradford,5.9350000000000005,19.4918,5
Jesse Eisenberg,6.52135294117647,29.001176470588234,17
Jesse Metcalfe,5.695285714285714,20.255285714285716,7
Jesse Plemons,5.921142857142857,66.91185714285714,7
Jessica Alba,5.8515,24.935111111111112,18
Jessica Biel,5.9734,21.898500000000002,10
Jessica Brown Findlay,6.3168,18.0542,5
Jessica Chastain,6.739105263157895,31.83042105263158,19
Jessica Lange,6.452999999999999,16.74122222222222,9
Jessie Buckley,6.552,18.48425,8
Jet Li,6.60796,21.36896,25
Jim Belushi,6.0153,16.8417,10
Jim Broadbent,6.676266666666667,27.5792,15
Jim Carrey,6.5995,32.579708333333336,24
Jim Carter,6.763166666666667,18.9405,6
Jim Caviezel,6.944714285714285,40.87914285714286,14
Jim Cummings,6.714833333333334,22.433555555555554,18
Jim Gaffigan,6.0338,16.9638,5
Jim Sturgess,6.6629000000000005,25.663,10
Jin Si-ah,4.761166666666667,23.108999999999998,6
Jo Wan-jin,3.025,22.414666666666665,12
Jo Yong-bok,4.825,27.653399999999998,5
Joan Allen,7.127625,24.143,8
Joan Chen,6.2698,16.781399999999998,5
Joan Cusack,6.701,28.010714285714283,14
Joaquim de Almeida,6.780571428571428,21.614714285714285,7
Joaquin Phoenix,6.9051,64.0172,20
Jodi Benson,6.6686000000000005,31.8286,5
Jodie Foster,6.943142857142857,22.688142857142857,14
Joe Pantoliano,6.922499999999999,30.251333333333335,6
Joe Pesci,7.3431,41.2165,10
Joel Courtney,7.0664,27.8344,5
Joel Edgerton,6.75115,24.896549999999998,20
Joel Kinnaman,6.24925,67.71475,8
Joel McHale,6.215272727272727,40.94109090909091,11
Joely Richardson,6.350875,27.393250000000002,8
Joey King,6.491818181818181,29.344454545454543,11
Joey Lauren Adams,5.9878,21.459,5
John Amos,6.2492,18.7922,5
John Boyega,6.127666666666666,23.624333333333336,6
John C. McGinley,5.5156,18.3294,5
John C. Reilly,6.7858,24.474333333333334,15
John Candy,6.137428571428572,20.023857142857143,7
John Cena,6.170466666666667,47.42166666666667,15
John Cho,6.581285714285714,28.181,7
John Cleese,6.637222222222222,22.73833333333333,9
John Corbett,5.8918,20.659,5
John Cusack,6.45304,20.09892,25
John David Washington,6.870833333333334,58.29683333333333,6
John DiMaggio,6.9658,20.2962,5
John Fiedler,7.156875,20.521875,8
John Gallagher Jr.,6.264571428571429,21.183,7
John Gielgud,6.819800000000001,36.8972,5
John Goodman,6.4795483870967745,24.71751612903226,31
John Hawkes,6.6708,18.807,5
John Heard,6.47675,22.243625,8
John Hurt,6.8143125,22.649,16
John Ingle,6.2,14.656833333333333,6
John Krasinski,6.215909090909091,25.750818181818182,11
John Leguizamo,6.4816666666666665,35.123444444444445,27
John Lithgow,6.546176470588235,27.05505882352941,17
John Malkovich,6.640655172413793,23.07262068965517,29
John Ortiz,6.493375,30.739,8
John Rhys-Davies,6.242571428571429,26.169714285714285,7
John Saxon,6.870400000000001,20.5434,5
John Travolta,6.1378055555555555,19.3305,36
John Turturro,6.660833333333334,21.751833333333334,12
John Wayne,7.05952,17.67368,25
Johnathon Schaech,5.776,15.840444444444444,9
Johnny Depp,6.703690476190476,36.42788095238095,42
Johnny Knoxville,6.021636363636364,17.838454545454546,11
Jon Bernthal,7.021999999999999,33.42966666666667,6
Jon Favreau,6.238,23.6595,8
Jon Hamm,6.474583333333334,21.915000000000003,12
Jon Heder,6.0694,17.7272,5
Jon Voight,6.876941176470588,44.795705882352934,17
Jonah Hill,6.498333333333333,33.60326666666666,15
Jonathan Groff,6.811222222222223,52.30422222222222,9
Jonathan Majors,6.9352,54.4852,5
Jonathan Pryce,6.81,24.703666666666667,9
Jonathan Rhys Meyers,6.4285,24.321250000000003,12
Jonny Lee Miller,6.417333333333333,23.28,6
Jordana Brewster,6.180499999999999,20.62633333333333,6
Jose Coronado,6.8164,23.6264,5
Joseph Cotten,7.067833333333333,19.226166666666668,6
Joseph Fiennes,6.602125,25.4195,8
Joseph Gordon-Levitt,6.7861052631578955,31.27957894736842,19
Josephine Langford,7.037999999999999,102.0174,5
Josh Brolin,6.460208333333334,40.55525,24
Josh Duhamel,6.381600000000001,22.197733333333336,15
Josh Flitter,5.667199999999999,15.4312,5
Josh Gad,6.621277777777778,37.56522222222222,18
Josh Hartnett,6.555083333333333,34.385333333333335,12
Josh Hutcherson,6.57104347826087,75.19482608695652,23
Josh Lucas,6.579615384615384,26.68953846153846,13
Joy Bryant,6.322833333333333,15.016333333333334,6
Judah Lewis,6.506285714285714,18.24657142857143,7
Judd Nelson,6.734999999999999,27.1244,5
Jude Law,6.7291923076923075,30.287884615384616,26
Judge Reinhold,5.863555555555555,22.72711111111111,9
Judi Dench,6.4301,33.64,10
Judy Davis,7.0176,19.0356,5
Judy Greer,6.2333,26.765499999999996,10
Julia Louis-Dreyfus,6.55,30.5194,5
Julia Ormond,6.7902000000000005,25.034200000000002,5
Julia Roberts,6.570363636363637,25.337757575757575,33
Julia Stiles,6.720555555555555,28.343444444444444,9
Julian Sands,6.381428571428572,17.635714285714286,7
Julianne Moore,6.5040689655172415,23.260241379310347,29
Julianne Nicholson,6.946714285714285,22.779,7
Julie Andrews,6.732375,35.9915,8
Julie Benz,5.5906,25.5274,5
Julie Bowen,6.3436,25.879399999999997,5
Julie Christie,6.991499999999999,15.250833333333333,6
Julie Delpy,7.374,18.5455,6
Julie Walters,6.975,25.733600000000003,5
Juliette Binoche,6.788818181818181,23.054636363636362,11
Juliette Lewis,6.609999999999999,20.654214285714286,14
Jun Jong-seo,6.999599999999999,32.160000000000004,5
Jung Woo-sung,7.087888888888888,26.100555555555555,9
Junichi Okada,7.038200000000001,35.6212,5
Junko Takeuchi,7.132142857142857,32.85064285714286,14
Jurnee Smollett,6.6565714285714295,23.875285714285717,7
Justice Smith,6.886428571428572,31.881285714285713,7
Justin Bartha,6.360571428571428,43.102714285714285,7
Justin Fletcher,7.065,25.4964,5
Justin Long,6.160875,27.7630625,16
Justin Theroux,6.965571428571429,24.840285714285717,7
Justin Timberlake,6.6851111111111114,44.99755555555556,18
K.J. Apa,7.125,21.3014,5
Kad Merad,6.171499999999999,15.849499999999999,6
Kaitlyn Robrock,7.274166666666667,23.673666666666666,6
Kal Penn,5.654444444444445,23.52111111111111,9
Kana Hanazawa,6.7630526315789465,55.309105263157896,19
Kanata Hongo,6.4719999999999995,26.839799999999997,5
Kang Min-woo,4.42,18.2815,10
Kappei Yamaguchi,7.234315789473684,21.320315789473685,38
Karen Allen,6.8618,26.262399999999996,5
Karen Gillan,6.837454545454546,53.729,11
Karen Mok Man-Wai,6.692333333333333,17.659166666666668,6
Karl Malden,7.256166666666666,16.384833333333333,6
Karl Urban,6.367538461538462,25.270692307692308,13
Kate Beckinsale,6.379681818181819,25.34513636363636,22
Kate Bosworth,6.075066666666667,21.166,15
Kate Higgins,7.4208,15.1364,5
Kate Hudson,6.179545454545454,18.629272727272728,11
Kate Mara,6.146800000000001,22.310000000000002,5
Kate McKinnon,6.3637999999999995,94.7114,5
Kate Micucci,7.294777777777778,21.048,9
Kate Winslet,6.99112,26.21092,25
Kate del Castillo,6.6116,16.009,5
Katherine Heigl,6.027214285714286,20.219357142857145,14
Katherine Waterston,6.745125,33.072625,8
Kathleen Barr,6.740777777777778,27.178,9
Kathleen Turner,6.629,18.046181818181818,11
Kathryn Hahn,6.436714285714286,27.12157142857143,7
Kathryn Newton,5.403,24.826833333333337,6
Kathy Bates,6.5496428571428575,26.30392857142857,14
Katie Aselton,6.2700000000000005,19.0904,5
Katie Holmes,6.367181818181819,21.514,11
Katrina Bowden,5.759166666666666,18.474999999999998,6
Kaya Scodelario,6.7702857142857145,47.503142857142855,7
Kazuhiko Inoue,7.0244285714285715,25.618,7
Kazuya Nakai,7.113578947368421,25.904684210526316,19
Keanu Reeves,6.569488372093023,34.668093023255814,43
Keegan-Michael Key,5.747142857142857,350.03214285714284,7
Keira Knightley,6.715454545454546,26.539136363636363,22
Keith Carradine,6.632833333333333,16.807166666666667,6
Keith David,6.5236,23.5898,5
Keke Palmer,6.592666666666666,29.446166666666667,6
Kellan Lutz,5.536375,80.538125,8
Kelly Hu,6.049857142857142,19.377857142857145,7
Kelly Macdonald,6.8842,31.992199999999997,5
Kelly Preston,6.225099999999999,21.7201,10
Kelly Reilly,6.473125,20.566375,8
Kelly Sheridan,7.0329523809523815,23.252095238095237,21
Kelsey Grammer,6.510071428571429,27.57,14
Kelvin Harrison Jr.,5.448600000000001,14.718799999999998,5
Ken Jeong,5.639833333333333,16.211833333333335,6
Ken Watanabe,7.553200000000001,50.309000000000005,5
Kenan Thompson,5.8,25.732166666666668,6
Kenichi Matsuyama,6.641800000000001,16.1406,5
Kenji Nojima,7.272833333333334,44.76083333333333,6
Kenneth Branagh,6.819375,36.500125,16
Kensho Ono,7.563571428571429,25.365142857142853,7
Keri Russell,6.522142857142858,23.289571428571428,7
Kerr Smith,5.7916,20.1342,5
Kerry Condon,6.668200000000001,69.91839999999999,5
Kerry Washington,6.534875,28.91975,8
Kevin Bacon,6.63656,23.94304,25
Kevin Conroy,6.964499999999999,18.287799999999997,10
Kevin Costner,6.8999999999999995,21.62913793103448,29
Kevin Dillon,6.3544285714285715,20.520285714285713,7
Kevin Durand,5.304333333333333,34.50966666666667,6
Kevin Hart,6.422499999999999,63.28165,20
Kevin James,6.120133333333333,34.2824,15
Kevin Kline,6.656384615384615,20.340769230769233,13
Kevin McKidd,7.2105999999999995,24.0644,5
Kevin Sorbo,6.2824,20.5808,5
Kevin Spacey,6.918318181818182,25.217818181818185,22
Kevin Zegers,5.789333333333334,19.325166666666668,6
Khary Payton,6.784333333333333,25.7045,6
Kiefer Sutherland,6.424615384615384,20.508846153846154,13
Kiersey Clemons,6.239333333333334,17.669666666666668,6
Kim Basinger,6.080384615384616,19.958384615384617,13
Kim Cattrall,6.5008333333333335,24.632833333333334,6
Kim Do-hee,6.446600000000001,19.900399999999998,5
Kim Hee-won,6.3776,20.6196,5
Kim Ji-ah,2.025,21.208375,8
Kim Ji-yeon,5.3,23.401,6
Kim Moo-yul,7.2724,38.0204,5
Kim Tae-ri,7.3942,38.7964,5
Kim Yoon-seok,7.185,15.849,5
Kirk Douglas,6.914384615384615,19.871692307692307,13
Kirsten Dunst,6.211636363636364,26.283227272727274,22
Kirstie Alley,6.162375,16.53125,8
Kiyoshi Kobayashi,7.421000000000001,15.733,5
Kodi Smit-McPhee,6.504,18.819285714285712,7
Koichi Yamadera,7.400421052631579,25.59894736842105,19
Koki Uchiyama,7.6378,25.708199999999998,5
Kotono Mitsuishi,7.883444444444444,34.31888888888889,9
Kris Kristofferson,6.632375,19.83275,8
Kristen Bell,6.57475,37.56665,20
Kristen Schaal,6.4695,18.287833333333335,6
Kristen Stewart,5.9407,34.06465,20
Kristen Wiig,5.568,47.381875,16
Kristin Chenoweth,6.4468000000000005,30.742200000000004,5
Kristin Davis,5.6204,22.968,5
Kristin Scott Thomas,6.6207777777777785,16.960388888888886,18
Kristy Swanson,5.659999999999999,14.843857142857143,7
Kumail Nanjiani,6.7985,276.36949999999996,6
Kurt Russell,6.708466666666666,23.104666666666667,30
Kyle Chandler,7.20188888888889,39.33144444444444,9
Kyle Gallner,6.2993749999999995,28.50975,8
Kyle MacLachlan,5.710125,23.646625,8
Kyra Sedgwick,6.523875,18.987875,8
LL Cool J,5.955,24.4392,5
LaKeith Stanfield,6.114666666666667,22.779666666666667,6
Lambert Wilson,6.236111111111111,24.35,9
Lana Condor,7.2446,37.822,5
Lance Henriksen,6.5033076923076925,28.762923076923077,13
Lau Ching-wan,6.734399999999999,20.8868,5
Laura Bailey,7.064727272727273,19.45418181818182,11
Laura Dern,7.063875,29.6926875,16
Laura Gemser,5.073777777777778,20.524,9
Laura Linney,6.241,24.13246666666667,15
Laura Ramsey,5.807666666666667,16.165666666666667,6
Laura Vandervoort,5.739833333333333,18.941833333333335,6
Lauren Bacall,6.8729,18.0,10
Lauren Graham,6.131,20.5096,5
Laurence Fishburne,6.919047619047619,31.80761904761905,21
Laurence Olivier,7.177499999999999,21.2925,6
Laurie Holden,6.4488,27.9274,5
Lea Thompson,6.368714285714286,32.334428571428575,7
Lee Byung-hun,6.937142857142858,27.085714285714285,7
Lee Chae-dam,3.9699999999999998,26.517500000000002,20
Lee Eun-mi,3.66,19.3089,10
Lee Jung-jae,6.8402,17.2802,5
Lee Marvin,6.805,18.4059,10
Lee Soo,3.457142857142857,21.282,7
Lena Headey,6.358769230769231,27.347923076923077,13
Lena Olin,5.64775,16.545749999999998,8
Leonard Nimoy,6.7673749999999995,19.296125,8
Leonardo DiCaprio,7.43104,54.024359999999994,25
Leonardo Sbaraglia,6.654000000000001,28.238400000000002,5
Leslie Bibb,5.727571428571429,18.326142857142855,7
Leslie Cheung,7.203666666666667,15.892833333333334,6
Leslie Mann,6.218642857142858,25.957071428571428,14
Leslie Nielsen,6.062636363636363,21.191181818181818,11
Liam Cunningham,6.862,19.0738,5
Liam Hemsworth,6.8362307692307684,38.986,13
Liam Neeson,6.502780487804878,37.12060975609756,41
Liev Schreiber,6.644642857142857,18.228928571428572,14
Lil Rel Howery,6.539875,32.4915,8
Lili Taylor,6.161888888888889,25.435111111111112,9
Lily Collins,6.6146,21.4828,10
Lily James,6.892375,29.11825,8
Lily Tomlin,6.540666666666667,23.302166666666665,6
Lin Shaye,6.396,38.79657142857143,7
Linda Cardellini,6.498,30.244625,8
Linda Hamilton,6.542166666666667,42.638,6
Linden Ashby,5.201333333333333,20.535333333333334,6
Lindsay Lohan,6.0661249999999995,32.763125,8
Lisa Kudrow,6.6496666666666675,16.762333333333334,6
Liv Tyler,5.9100769230769234,20.57923076923077,13
Lizzy Caplan,6.330571428571429,44.55685714285714,7
Lloyd Bridges,6.6126000000000005,19.7808,5
Lochlyn Munro,5.5183333333333335,20.229166666666668,6
Logan Lerman,6.62,51.484,6
Logan Marshall-Green,6.504666666666666,19.003333333333334,6
Logan Miller,6.3832,33.3474,5
Lou Diamond Phillips,6.280333333333334,18.118666666666666,6
Louis Gossett Jr.,5.985142857142857,17.829571428571427,7
Louis Koo,6.467,21.504428571428573,7
Louis Mandylor,5.9295,58.6058,10
Lucas Black,6.384,19.077800000000003,5
Lucy Hale,6.549,26.20542857142857,7
Lucy Liu,6.191588235294118,27.06,17
Ludacris,5.2025999999999994,99.43299999999999,5
Luigi Pistilli,7.188,19.836000000000002,5
Luis Callejo,6.181,17.540399999999998,5
Luis Guzmán,6.039444444444444,24.25088888888889,9
Luis Tosar,7.004599999999999,54.45,5
Luke Bracey,6.52625,27.410125,8
Luke Evans,6.487363636363637,29.52136363636364,11
Luke Goss,5.834833333333333,29.435999999999996,6
Luke Wilson,6.284142857142856,24.238142857142858,14
Lupita Nyong'o,7.018666666666667,49.00733333333333,6
Léa Seydoux,6.7347777777777775,28.32166666666667,9
Ma Dong-seok,7.224666666666667,76.38033333333333,12
Maaya Sakamoto,7.559785714285715,21.869071428571427,14
Macaulay Culkin,6.605142857142858,36.409285714285716,7
Mackenzie Davis,6.4938,24.369999999999997,5
Madeleine Stowe,6.4,20.00877777777778,9
Madison Iseman,6.8598,41.3868,5
Madison Pettis,6.422,26.2332,5
Madonna,5.8896,18.3274,5
Mads Mikkelsen,6.8964375,40.9558125,16
Mae Whitman,6.726999999999999,30.357800000000005,10
Maggie Cheung,7.1175,20.017666666666667,6
Maggie Grace,6.1722,34.3281,10
Maggie Gyllenhaal,6.663857142857142,21.102857142857143,7
Maggie Q,6.137499999999999,92.28916666666667,6
Maggie Smith,6.801916666666667,19.861416666666667,12
Mahershala Ali,5.0595,56.058166666666665,6
Maika Monroe,6.546166666666667,25.007,6
Malcolm McDowell,5.9848333333333334,30.56375,12
Malin Åkerman,6.340222222222222,43.85722222222223,9
Mamoru Miyano,7.067,19.105857142857143,14
Mandy Moore,6.536363636363637,33.65054545454546,11
Marcello Mastroianni,7.255599999999999,16.540399999999998,5
Marcia Gay Harden,6.563,20.879375,8
Marg Helgenberger,6.632571428571429,26.92985714285714,7
Margot Robbie,6.78825,57.509812499999995,16
Maria Bello,6.74125,23.746333333333336,12
Maribel Verdú,6.8712,27.557,5
Marilyn Monroe,7.128833333333334,17.6735,6
Marina Foïs,6.4098,16.8982,5
Mario Casas,6.815333333333333,31.592666666666666,9
Marion Cotillard,6.512363636363636,19.286363636363635,11
Marisa Tomei,6.166083333333333,26.888,12
Mariya Ise,7.134600000000001,21.0904,5
Mark Addy,5.994400000000001,15.762800000000002,5
Mark Dacascos,6.134857142857143,28.454,7
Mark Hamill,7.148187500000001,33.6711875,16
Mark Ruffalo,7.22973076923077,60.126038461538464,26
Mark Rylance,6.8952857142857145,25.76557142857143,7
Mark Strong,6.546523809523809,26.05995238095238,21
Mark Wahlberg,6.438666666666667,43.728,45
Marlon Brando,7.155777777777778,30.744777777777774,9
Marlon Wayans,6.348133333333333,38.09153333333334,15
Martha Higareda,7.6616,30.3284,5
Martin Balsam,7.088,21.90822222222222,9
Martin Donovan,6.6728000000000005,22.3816,5
Martin Freeman,6.84275,51.082750000000004,12
Martin Henderson,6.312142857142858,22.03957142857143,7
Martin Lawrence,5.857157894736842,26.85394736842105,19
Martin Sheen,6.848545454545455,27.483636363636364,11
Martin Short,6.328142857142857,20.323857142857143,7
Mary Elizabeth Winstead,6.3395,31.84991666666667,12
Mary Steenburgen,7.140666666666667,23.988666666666663,6
Mary-Louise Parker,6.6678,26.945999999999998,5
María Conchita Alonso,6.1738,23.0728,5
Masakazu Morita,6.899333333333334,22.975333333333335,6
Masaki Suda,6.7724,113.4364,5
Masako Nozawa,6.90464,41.94352,25
Masami Nagasawa,7.3709999999999996,19.8446,5
Mathieu Kassovitz,6.931399999999999,19.5232,5
Matt Bomer,6.6995555555555555,56.12511111111111,9
Matt Damon,6.893046511627907,37.58218604651162,43
Matt Dillon,6.633066666666666,20.856933333333334,15
Matt O'Leary,6.3066,14.7882,5
Matthew Broderick,6.498736842105263,30.63842105263158,19
Matthew Fox,6.623,17.4636,5
Matthew Goode,6.9926666666666675,29.824083333333334,12
Matthew Lillard,7.106925925925926,30.706,27
Matthew Macfadyen,6.716,26.383,6
Matthew McConaughey,6.584178571428572,34.0375,28
Matthew Modine,6.152,15.574666666666666,6
Matthias Schoenaerts,7.069599999999999,23.1478,5
Matthias Schweighöfer,6.7508,17.7454,5
Maureen O'Hara,6.831555555555556,19.467222222222222,9
Maurice Ronet,7.0506,14.4238,5
Max von Sydow,6.748777777777778,24.85377777777778,18
Maya Rudolph,6.297000000000001,28.63475,12
Mayumi Izuka,6.753857142857143,22.790714285714284,7
Mayumi Tanaka,7.04728125,33.5575,32
Mckenna Grace,6.333222222222222,57.42233333333334,9
Meagan Good,6.555714285714286,16.226714285714284,7
Meg Donnelly,7.2989999999999995,76.1108,5
Meg Ryan,6.45776923076923,20.622999999999998,13
Megan Fox,5.921769230769231,42.39961538461538,13
Megumi Hayashibara,7.468944444444444,26.657333333333334,18
Megumi Ogata,7.8092500000000005,33.707125,8
Megumi Oohara,6.91276923076923,19.340923076923076,13
Megumi Toyoguchi,6.990333333333333,22.992500000000003,6
Mekhi Phifer,6.109666666666667,19.212666666666667,6
Mel Gibson,6.4908809523809525,25.30573809523809,42
Melanie Griffith,6.277,19.609363636363636,11
Melissa Barrera,5.4764,37.4798,5
Melissa McCarthy,6.244230769230769,22.186230769230768,13
Meryl Streep,6.8725172413793105,20.99993103448276,29
Mia Farrow,6.643285714285715,19.431428571428572,7
Mia Goth,5.307555555555556,29.474888888888888,9
Mia Wasikowska,6.72525,24.527625,8
Michael B. Jordan,6.968,47.87825,12
Michael Biehn,6.7956,36.3052,5
Michael C. Hall,6.3266,16.8758,5
Michael Caine,6.713448275862069,33.598551724137934,29
Michael Cera,6.543181818181818,25.32481818181818,11
Michael Chiklis,5.809833333333334,24.376833333333334,6
Michael Clarke Duncan,6.096285714285714,28.989857142857144,7
Michael Douglas,6.704272727272727,19.762318181818184,22
Michael Ealy,6.406888888888889,16.92211111111111,9
Michael Fassbender,6.458571428571428,39.436571428571426,21
Michael Gambon,6.7444999999999995,20.50583333333333,6
Michael Gross,6.1286000000000005,26.281,5
Michael Ironside,5.635800000000001,26.358600000000003,5
Michael J. Fox,6.697055555555555,25.305333333333333,18
Michael Jackson,7.380799999999999,16.7842,5
Michael Jai White,6.2415,47.336,16
Michael Keaton,6.2895,36.099954545454544,22
Michael Kenneth Williams,6.474166666666666,23.865,6
Michael Madsen,6.368285714285713,22.571571428571428,14
Michael Nyqvist,6.9799999999999995,25.201857142857143,7
Michael Paré,5.467333333333333,19.14911111111111,9
Michael Peña,6.643588235294118,32.27523529411764,17
Michael Pitt,6.723333333333334,22.6855,6
Michael Rooker,6.298666666666667,20.199749999999998,12
Michael Shannon,6.644285714285714,36.06107142857143,14
Michael Sheen,6.5973749999999995,22.845625000000002,8
Michael Winslow,5.364,23.224999999999998,6
Michael York,6.7467500000000005,20.11375,8
Michelle Jenner,6.816800000000001,35.2342,5
Michelle Monaghan,6.635352941176471,46.357882352941175,17
Michelle Pfeiffer,6.7008846153846156,25.486192307692306,26
Michelle Rodriguez,5.934583333333333,64.00933333333333,12
Michelle Trachtenberg,5.7914,19.5756,5
Michelle Williams,6.835047619047619,27.342904761904762,21
Michelle Yeoh,6.758333333333333,33.380500000000005,12
Michiel Huisman,5.8872857142857145,61.547285714285714,7
Mickey Rourke,5.956555555555556,18.92672222222222,18
Mike Colter,6.830125,27.36175,8
Mike Epps,6.019428571428572,24.83142857142857,7
Mike Myers,6.2502,40.211533333333335,15
Mila Kunis,6.2330000000000005,30.544055555555556,18
Miles Teller,6.526300000000001,33.1422,10
Milla Jovovich,6.164066666666667,27.762999999999998,15
Milo Manheim,7.3944,19.8394,5
Milo Ventimiglia,7.2128,23.3096,5
Mimi Rogers,5.7954,18.512999999999998,5
Min Do-yoon,4.882060606060606,21.30618181818182,33
Min Jung,4.220000000000001,18.7314,5
Minami Takayama,7.040375,18.7871875,16
Mindy Cohn,7.552416666666667,20.065,12
Mira Sorvino,6.423846153846155,37.11576923076923,13
Miranda Cosgrove,6.924833333333333,65.6085,6
Miranda Richardson,6.653111111111111,18.25188888888889,9
Mireille Enos,6.4026,29.291199999999996,5
Missi Pyle,6.172833333333333,21.144666666666666,6
Miyu Irino,7.730875,35.694625,8
Miyuki Sawashiro,6.992875,20.280125,8
Molly Gordon,6.8274,19.137,5
Molly Ringwald,7.1883333333333335,27.165833333333335,6
Molly Shannon,6.2535,15.613833333333334,6
Monica Bellucci,6.0476,23.285866666666667,15
Morena Baccarin,5.922375,60.066125,8
Morgan Freeman,6.603333333333333,30.411450980392157,51
Morris Chestnut,6.166875,21.253125,8
Mélanie Laurent,6.9555,32.704875,8
Nancy Allen,6.404833333333333,20.846833333333333,6
Nancy Cartwright,6.5808333333333335,28.332333333333334,6
Nao Toyama,7.417666666666666,22.582666666666668,6
Naomi Watts,6.729047619047619,21.785857142857143,21
Naomie Harris,6.668428571428572,47.132,7
Nat Wolff,6.40725,20.402,8
Natalie Portman,6.697375,33.55258333333333,24
Natalie Wood,7.226333333333333,20.04883333333333,6
Natasha Henstridge,5.7925,20.329375,8
Natasha Liu Bordizzo,6.686833333333333,24.802999999999997,6
Nathan Fillion,6.935,32.335,6
Nathan Lane,6.515300000000001,38.727,10
Natsuki Hanae,6.734285714285714,40.78271428571429,7
Neal McDonough,6.058428571428571,19.174,7
Ned Beatty,6.86,30.629428571428573,7
Neil Patrick Harris,6.646083333333333,31.868166666666667,12
Neve Campbell,6.7379999999999995,31.1924,10
Nia Long,6.311571428571428,22.467714285714287,7
Nicholas Braun,6.2294,18.187199999999997,5
Nicholas Hoult,6.6866666666666665,28.544,18
Nicholas Tse,6.8554,18.5496,5
Nick Frost,6.998857142857143,28.778428571428574,7
Nick Nolte,6.5194374999999996,21.3030625,16
Nick Swardson,5.4682,21.623399999999997,5
Nicky Whelan,5.4048,26.842000000000002,5
Nicolas Cage,6.048887323943662,24.182,71
Nicole Kidman,6.4739,22.718525,40
Nikolaj Coster-Waldau,6.427583333333334,21.473166666666668,12
Nikolaj Lie Kaas,7.037166666666667,14.782833333333334,6
Nina Dobrev,6.291666666666667,64.03816666666667,6
Noah Centineo,6.704428571428571,31.56114285714286,7
Noah Emmerich,6.631,21.555857142857143,7
Nobunaga Shimazaki,7.1293999999999995,26.914800000000003,5
Nolan North,6.5274,17.6208,5
Noomi Rapace,6.5869333333333335,24.576266666666665,15
Noriaki Sugiyama,7.330666666666667,24.529666666666667,9
Noriko Hidaka,7.719428571428572,28.07557142857143,7
O'Shea Jackson Jr.,7.066,31.016199999999998,5
Octavia Spencer,7.010090909090909,31.000272727272726,11
Olga Kurylenko,6.160764705882353,24.108,17
Oliver Platt,6.331875,22.738125,8
Oliver Reed,6.960333333333334,23.697333333333333,6
Olivia Colman,7.223,26.64671428571429,7
Olivia Cooke,6.275625,24.405625,8
Olivia Wilde,6.428333333333334,31.75388888888889,9
Olivia Williams,6.596857142857142,21.02885714285714,7
Omar Epps,6.3784,16.4208,5
Omar Sy,6.500357142857142,19.844285714285714,14
Orlando Bloom,6.805625,60.447625,8
Orlando Jones,6.1735,23.662333333333333,6
Oscar Isaac,6.949285714285715,55.543214285714285,14
Owen Wilson,6.253833333333334,27.647733333333335,30
Park Hae-il,6.825500000000001,27.833333333333332,6
Park Joo-bin,4.933333333333334,21.783833333333334,6
Pat Hingle,6.654999999999999,15.503200000000001,5
Pat Morita,6.1495999999999995,38.6926,5
Patricia Arquette,6.985142857142857,22.619,7
Patricia Clarkson,6.750714285714286,19.526714285714284,7
Patrick Dempsey,6.63825,63.74075,12
Patrick Stewart,6.762166666666666,27.0455,12
Patrick Swayze,6.7569,28.442500000000003,10
Patrick Warburton,6.285,30.49422222222222,9
Patrick Wilson,6.67356,270.9064,25
Paul Bettany,6.4639999999999995,25.80858333333333,12
Paul Dano,6.637272727272728,34.06318181818182,11
Paul Giamatti,6.551444444444445,31.058444444444447,18
Paul Newman,7.160357142857143,21.616357142857144,14
Paul Rudd,5.910368421052631,23.523368421052634,19
Paul Walker,6.209923076923077,24.843461538461536,13
Paula Patton,6.575875,29.052375,8
Paz Vega,6.0276000000000005,21.5938,5
Pedro Pascal,6.605200000000001,36.6858,5
Penélope Cruz,6.251380952380952,36.88876190476191,21
Peter Boyle,6.301625,20.156375,8
Peter Coyote,7.010000000000001,24.712666666666667,6
Peter Cushing,6.904,26.994833333333332,6
Peter Dinklage,6.621428571428572,66.65899999999999,7
Peter Facinelli,5.845,36.227,6
Peter Firth,6.542,18.3992,5
Peter Gallagher,6.936,22.2058,5
Peter Lorre,7.1373999999999995,14.9304,5
Peter Mullan,6.507,19.531200000000002,5
Peter O'Toole,6.869857142857143,18.02785714285714,7
Peter Sallis,7.4064,18.398000000000003,5
Peter Sarsgaard,6.550411764705882,22.70064705882353,17
Peter Sellers,6.872,20.24028571428571,7
Peter Stormare,6.183692307692308,23.580846153846153,13
Peter Weller,6.708125,20.555125,8
Philip Seymour Hoffman,7.007315789473685,21.983947368421052,19
Pierce Brosnan,6.293285714285714,25.218464285714283,28
Pilou Asbæk,6.1125,20.680666666666667,6
Pio Marmaï,6.778833333333334,26.111,6
Piper Perabo,6.1048888888888895,21.006555555555554,9
Queen Latifah,6.719166666666666,31.498166666666666,12
Rachael Leigh Cook,6.114571428571429,17.754142857142856,7
Rachel McAdams,7.015809523809524,35.24071428571428,21
Rachel Weisz,6.6862916666666665,29.05741666666667,24
Radha Mitchell,6.326533333333333,22.2656,15
Rainn Wilson,6.372999999999999,28.683428571428575,7
Ralph Fiennes,6.856137931034483,30.77096551724138,29
Ralph Ineson,6.3138,52.1844,5
Ralph Macchio,6.647625,23.2775,8
Ralph Richardson,6.5920000000000005,15.5066,5
Rami Malek,7.261,31.707333333333334,6
Randy Quaid,6.451428571428572,17.294,7
Randy Wayne,5.8822,19.6754,5
Rashida Jones,7.062,27.977333333333334,6
Ray Liotta,6.445153846153847,23.337307692307693,13
Ray Romano,6.587714285714285,48.282714285714285,7
Ray Stevenson,6.256454545454545,25.26381818181818,11
Ray Winstone,6.2876666666666665,25.418166666666664,6
Ray Wise,6.197333333333333,19.741333333333333,6
Raúl Juliá,6.2225,23.379833333333334,6
Rebecca De Mornay,7.000166666666666,19.231166666666667,6
Rebecca Ferguson,6.0659,51.1301,10
Rebecca Hall,5.952727272727273,41.79227272727273,11
Rebel Wilson,6.342625,25.379875,8
Reese Witherspoon,6.465520000000001,26.404,25
Regina Hall,6.351,21.25583333333333,12
Regina King,6.490875,20.583624999999998,8
Rene Russo,6.539454545454546,20.119363636363634,11
Renée Zellweger,6.419176470588235,21.52552941176471,17
Rex Harrison,7.051,16.6392,5
Rhona Mitra,6.056,20.157,9
Rhys Ifans,6.497625,30.550375000000003,8
Rica Matsumoto,6.794041666666666,20.033708333333333,24
Ricardo Darín,7.648666666666667,37.629333333333335,6
Richard Armitage,6.675333333333334,34.85916666666667,6
Richard Attenborough,7.1861999999999995,22.7582,5
Richard Boone,6.865399999999999,15.5692,5
Richard Burton,6.574875,19.355625,8
Richard Crenna,6.6432,26.494,10
Richard Dreyfuss,6.684875,21.794375,8
Richard Gere,6.515708333333333,20.921958333333333,24
Richard Harris,7.0994,54.888999999999996,5
Richard Jenkins,6.578799999999999,26.9353,10
Richard Madden,6.7456000000000005,38.9874,5
Richard Pryor,6.0536,22.3654,5
Richard Widmark,6.8125,15.402500000000002,6
Rick Moranis,6.428181818181818,28.123272727272727,11
Ricky Gervais,6.400857142857142,17.952142857142857,7
Rie Kugimiya,6.583833333333334,15.359333333333334,6
Rie Takahashi,7.641857142857143,21.516142857142857,7
Rikiya Koyama,6.7405,19.811875,8
Riley Keough,6.282,16.48725,8
Rinal Mukhametov,5.2394,20.5816,5
Rip Torn,6.235571428571428,17.02942857142857,7
Riz Ahmed,7.066000000000001,30.720142857142857,7
Rob Corddry,5.9715,32.124833333333335,6
Rob Lowe,6.479571428571428,17.983,7
Rob Paulsen,6.240666666666667,19.986666666666668,6
Rob Riggle,6.611,35.7744,5
Rob Schneider,5.9110000000000005,23.110666666666667,15
Robbie Amell,5.357615384615385,25.75423076923077,13
Robbie Coltrane,6.718714285714285,35.724,7
Robert Carlyle,6.483124999999999,20.036125,8
Robert De Niro,6.899864406779661,31.274389830508476,59
Robert Downey Jr.,7.032533333333333,60.73583333333333,30
Robert Duvall,7.072285714285714,27.321333333333335,21
Robert Englund,5.500454545454546,21.346363636363638,11
Robert Forster,5.9855,18.8339,10
Robert Knepper,5.7268,23.9508,5
Robert Loggia,6.7884,19.814799999999998,5
Robert Mitchum,7.111714285714285,17.276,7
Robert Patrick,6.597666666666666,29.957444444444448,9
Robert Pattinson,6.246076923076923,50.303538461538466,13
Robert Prosky,6.588857142857143,20.262571428571427,7
Robert Redford,7.008647058823529,19.54764705882353,17
Robert Ryan,7.2090000000000005,16.9024,5
Robert Shaw,7.197166666666667,25.750500000000002,6
Roberto Benigni,6.8466000000000005,23.6398,5
Robin Williams,6.701555555555556,25.907185185185185,27
Robin Wright,6.721384615384616,27.40269230769231,13
Rod Steiger,7.163,19.331375,8
Roddy McDowall,6.563899999999999,19.6134,10
Rodger Bumpass,6.7573333333333325,35.746833333333335,6
Rodrigo Santoro,6.414714285714285,18.309142857142856,7
Roger Carel,6.576833333333333,16.07016666666667,6
Roger Moore,6.3740000000000006,23.1833,10
Roland Møller,6.3198,20.3108,5
Romain Duris,6.602,20.43675,8
Ron Livingston,7.116,28.4606,5
Ron Perlman,6.3951363636363645,39.40509090909091,22
Ronny Cox,6.849666666666667,23.56866666666667,6
Rooney Mara,6.917363636363637,21.869,11
Rory Cochrane,6.6624,18.9574,5
Rosamund Kwan,6.788833333333334,17.7005,6
Rosamund Pike,6.747117647058823,34.74223529411764,17
Rosario Dawson,6.60796,22.784519999999997,25
Rose Byrne,6.60095,28.5837,20
Rosemarie DeWitt,6.458571428571429,20.802857142857142,7
Rowan Atkinson,6.3182,24.344,5
Roy Scheider,6.9166,21.3204,10
Ruby Rose,5.958,25.685399999999998,5
Rufus Sewell,6.561,27.473444444444443,9
Rupert Everett,6.111,115.72442857142858,7
Rupert Friend,6.588571428571428,18.77528571428571,7
Rupert Grint,7.448384615384616,96.40315384615384,13
Russell Brand,6.0412,22.1862,5
Russell Crowe,6.742413793103449,27.562,29
Rutger Hauer,6.367545454545455,20.96390909090909,11
Ryan Gosling,6.660849999999999,48.6368,20
Ryan Kwanten,5.6499999999999995,18.52042857142857,7
Ryan Phillippe,6.345909090909092,25.12218181818182,11
Ryan Reynolds,6.262742857142857,40.831314285714285,35
Ryo Yoshizawa,7.353714285714285,31.741285714285713,7
Ryosuke Yamada,6.8528,39.531,5
Ryou Horikawa,7.092230769230769,33.765076923076926,13
Ryunosuke Kamiki,7.635166666666667,75.36133333333333,6
Sabrina Carpenter,6.827666666666666,14.683,6
Sacha Baron Cohen,6.494857142857143,21.066,7
Sae Bom,4.29,20.481299999999997,10
Salli Saffioti,7.486571428571429,15.968142857142857,7
Sally Field,6.938888888888889,25.85666666666667,9
Sally Hawkins,7.0349,19.4829,10
Salma Hayek Pinault,6.387428571428571,28.888285714285715,21
Sam Claflin,6.861777777777778,31.23977777777778,9
Sam Elliott,6.668000000000001,27.516199999999998,10
Sam Neill,6.771523809523809,25.683523809523813,21
Sam Riley,6.472199999999999,17.9486,5
Sam Rockwell,6.89205,30.8892,20
Sam Shepard,6.631399999999999,21.8977,10
Sam Waterston,7.0888333333333335,15.253833333333333,6
Sam Worthington,5.479333333333334,64.89092592592593,27
Samantha Mathis,6.205,16.910999999999998,5
Samantha Morton,7.164166666666667,23.392833333333332,6
Samara Weaving,6.213875,19.25525,8
Sammo Hung,6.786111111111111,15.986333333333334,9
Samuel L. Jackson,6.264098039215686,29.645196078431372,51
Sandra Bullock,6.6729,32.013733333333334,30
Sandra Oh,5.812857142857142,39.255857142857145,7
Sang Woo,3.6700000000000004,18.874000000000002,10
Santiago Segura,6.731166666666667,16.4775,6
Saoirse Ronan,6.775714285714286,26.5075,14
Saori Hayami,7.085714285714286,27.877714285714287,7
Sara Paxton,5.9395,22.37,8
Sarah Jessica Parker,6.449625,28.799125,8
Sarah Michelle Gellar,5.966333333333334,26.667333333333332,6
Sarah Polley,6.901999999999999,24.531,5
Sarah Silverman,7.0974,30.142199999999995,5
Sarah Snook,6.5768,22.4882,5
Satomi Korogi,7.1370000000000005,21.758666666666667,6
Scarlett Johansson,6.605852941176471,40.15941176470589,34
Scoot McNairy,6.4196,19.8892,5
Scott Adkins,6.283761904761905,40.72042857142857,21
Scott Caan,5.6191666666666675,19.163166666666665,6
Scott Eastwood,6.687714285714286,35.574714285714286,7
Scott Glenn,7.0318,28.472699999999996,10
Scott Menville,7.2345,28.121499999999997,6
Scott Speedman,6.082833333333333,25.238166666666668,6
Scout Taylor-Compton,5.8798,49.0958,5
Sean Astin,7.090692307692308,35.45807692307692,13
Sean Bean,6.570133333333333,33.42893333333333,15
Sean Connery,6.6411428571428575,23.61039285714286,28
Sean Patrick Flanery,6.8132,18.7132,5
Sean Penn,6.983750000000001,19.74855,20
Sean Young,5.947,24.72357142857143,7
Seann William Scott,6.085333333333334,27.256666666666664,15
Sebastian Stan,6.121888888888889,28.796555555555553,9
Selena Gomez,6.446375,34.15,8
Selma Blair,5.96409090909091,24.817000000000004,11
Seo Won-I,5.7250000000000005,13.807333333333332,6
Seth Green,6.1323333333333325,19.172666666666668,6
Seth MacFarlane,6.5528,85.6784,5
Seth Rogen,6.113521739130435,24.441347826086954,23
Seung Ha,4.5,21.14181818181818,11
Shah Rukh Khan,7.264923076923077,22.734461538461538,13
Shailene Woodley,6.823384615384615,45.29507692307693,13
Shane West,6.0202,21.4362,5
Shannyn Sossamon,5.728833333333333,18.927,6
Sharlto Copley,5.973181818181818,32.22381818181818,11
Sharni Vinson,6.2472,16.6122,5
Sharon Stone,5.943588235294118,23.20805882352941,17
Shawn Wayans,6.3914,63.7528,5
Shawnee Smith,6.88,80.0222,5
Shia LaBeouf,6.71,27.75376470588235,17
Shin Yeon-woo,4.34,36.613,5
Shirley MacLaine,6.62475,21.795,8
Shota Sometani,7.5882000000000005,31.1278,5
Shu Qi,6.3351999999999995,17.788800000000002,10
Si Woo,4.0,23.515800000000002,5
Sidney Poitier,7.186,21.94066666666667,6
Sienna Miller,6.532222222222222,23.296,9
Sigourney Weaver,5.8179,36.55333333333333,30
Simon Baker,6.274,20.818,5
Simon Pegg,6.4615,58.341625,16
Simon Yam,6.3256,19.6582,5
Sissy Spacek,6.777333333333334,20.784000000000002,6
Snoop Dogg,5.558333333333334,49.99583333333333,6
Sofia Boutella,5.002142857142857,59.621857142857145,7
Sofia Carson,7.316545454545454,28.529,11
Sol Kyung-gu,7.186166666666668,25.917333333333332,6
Soma Saito,6.539625,23.517875,8
Song Kang-ho,7.404090909090908,29.975181818181817,11
Sophia Loren,6.624625,14.159749999999999,8
Sora Amamiya,7.473333333333334,25.035,6
Stanley Tucci,6.4884375,31.6684375,16
Stellan Skarsgård,6.4902,27.141133333333336,15
Stephen Amell,4.133500000000001,26.718500000000002,6
Stephen Baldwin,5.7928,19.944,5
Stephen Chow,7.300666666666667,25.85066666666667,6
Stephen Dillane,6.7996,13.9464,5
Stephen Dorff,5.9068000000000005,21.0134,15
Stephen Graham,7.321166666666667,27.144333333333332,6
Stephen Lang,5.2525625,50.8426875,16
Stephen Rea,6.600666666666666,21.18,6
Steve Buscemi,6.4976111111111114,23.819166666666668,18
Steve Carell,6.168153846153847,43.08038461538461,26
Steve Coogan,6.2394,25.3042,5
Steve Guttenberg,5.951,18.9147,10
Steve Martin,6.368944444444444,17.30061111111111,18
Steve McQueen,6.941888888888889,18.48611111111111,9
Steve Whitmire,6.617,16.455333333333332,6
Steve Zahn,6.4158,22.692,15
Steven Seagal,5.341052631578948,16.32821052631579,19
Stockard Channing,6.939400000000001,19.903,5
Storm Reid,6.612666666666667,48.991166666666665,6
Stuart Allan,7.167199999999999,15.8738,5
Subaru Kimura,6.927333333333333,23.753555555555554,9
Sung Kang,6.239199999999999,38.5208,5
Susan Sarandon,6.688631578947368,27.113684210526316,19
Sydney Sweeney,4.635333333333333,127.31149999999998,6
Sylvester Stallone,6.276422222222223,34.73855555555555,45
Sylvia Kristel,4.999444444444444,29.14088888888889,9
T.J. Miller,6.508444444444445,44.14011111111111,9
Tabitha St. Germain,7.237222222222223,23.707333333333334,9
Tadanobu Asano,6.7167142857142865,19.54585714285714,7
Taissa Farmiga,6.562,36.58222222222222,9
Takahiro Sakurai,7.177941176470589,31.42464705882353,17
Takashi Shimura,7.6806,24.0834,5
Takeru Satoh,7.647166666666667,22.2795,6
Takeshi Kaneshiro,7.449857142857143,22.055857142857143,7
Takeshi Kusao,6.8256,32.5068,5
Takumi Kitamura,7.1861999999999995,24.965,5
Talia Shire,7.098333333333334,36.98016666666667,6
Tara Reid,4.5568,15.962800000000001,5
Tara Strong,7.0453913043478265,22.550521739130435,23
Taraji P. Henson,6.878,52.5405,12
Taron Egerton,7.044625,42.220625,8
Tatsuya Nakadai,7.964285714285714,18.102857142857143,7
Taylor Kitsch,6.519285714285714,26.172714285714285,7
Taylor Lautner,5.982555555555556,42.29377777777778,9
Taylor Russell,6.83,27.529200000000003,5
Tchéky Karyo,6.522,18.702666666666666,9
Temuera Morrison,5.779249999999999,26.384125,8
Terence Hill,6.9283636363636365,14.71490909090909,11
Terence Stamp,6.5162,24.8494,5
Teresa Palmer,6.418699999999999,31.927300000000002,10
Teri Garr,7.0692,25.8308,5
Terrence Howard,6.482555555555555,25.27111111111111,9
Terry Crews,6.396142857142857,37.339857142857134,7
Tessa Thompson,6.847199999999999,62.4215,10
Tessyo Genda,6.972799999999999,29.029000000000003,5
Teyonah Parris,6.8636,294.13379999999995,5
Thandiwe Newton,6.5216666666666665,41.084666666666664,9
Theo James,6.237583333333333,26.169,12
Thomas Brodie-Sangster,6.738428571428571,30.23942857142857,7
Thomas Haden Church,6.3510909090909085,27.519636363636366,11
Thomas Jane,5.616142857142857,24.617238095238093,21
Thomas Kretschmann,6.608375,44.173625,8
Thomas Mann,6.7754,30.568400000000004,5
Thomasin McKenzie,6.9188,26.993000000000002,5
Thora Birch,6.307714285714285,21.07428571428571,7
Tia Carrere,6.5424444444444445,22.951,9
Tiffany Haddish,6.338222222222222,19.685555555555556,9
Tilda Swinton,6.719666666666667,23.125999999999998,15
Tim Allen,6.512842105263158,33.23678947368421,19
Tim Blake Nelson,5.689166666666666,63.738166666666665,6
Tim Curry,6.3389999999999995,19.030727272727272,11
Tim Matheson,5.9338,16.291,5
Tim Robbins,6.932083333333334,27.022333333333336,12
Tim Roth,6.3665714285714285,22.368571428571432,14
Timothy Dalton,6.563285714285714,24.804714285714287,7
Timothy Hutton,6.835999999999999,18.603833333333334,6
Timothy Olyphant,6.4096,24.1041,10
Timothy Spall,6.670714285714285,24.526999999999997,7
Timothée Chalamet,6.457625,340.290125,8
Tina Fey,6.62825,28.918374999999997,8
Tobey Maguire,7.044615384615384,33.781,13
Tobin Bell,6.424899999999999,58.233799999999995,10
Toby Jones,6.686333333333334,32.397555555555556,9
Tom Arnold,5.7226,18.3532,5
Tom Bateman,6.442400000000001,30.5058,5
Tom Berenger,6.4132727272727275,23.27709090909091,11
Tom Cruise,6.761205128205129,39.65010256410257,39
Tom Hanks,7.0051509433962265,32.08620754716981,53
Tom Hardy,6.698117647058823,42.37623529411764,17
Tom Hiddleston,6.8224,41.338499999999996,10
Tom Holland,7.106857142857143,46.47835714285714,14
Tom Hulce,6.756,23.172,5
Tom Selleck,6.393,17.2662,5
Tom Sizemore,6.285500000000001,23.1134,10
Tom Skerritt,6.538125,23.92125,8
Tom Wilkinson,6.4775,22.251,16
Tommy Lee Jones,6.531310344827586,27.14151724137931,29
Tomokazu Seki,7.088636363636363,18.894363636363636,11
Tomokazu Sugita,6.389,25.0072,5
Toni Collette,6.712318181818182,24.224636363636364,22
Tony Anselmo,7.1692857142857145,24.93642857142857,7
Tony Curtis,7.1995000000000005,17.36133333333333,6
Tony Goldwyn,6.939333333333334,42.44266666666667,6
Tony Jaa,6.3434,21.6726,10
Tony Leung Chiu-wai,7.299384615384615,20.17546153846154,13
Tony Leung Ka-fai,6.647285714285714,15.947285714285714,7
Tony Shalhoub,6.337625,22.3925,8
Tony Todd,6.152833333333334,17.433666666666667,6
Topher Grace,6.528428571428571,24.806285714285714,7
Toru Furuya,7.384777777777777,26.077777777777776,9
Toshio Furukawa,6.789625,43.48725,8
Toshirō Mifune,7.975666666666666,20.261,6
Toshiyuki Morikawa,7.012875,22.2595,8
Tracy Morgan,5.790166666666667,17.47583333333333,6
Travis Fimmel,6.194333333333334,31.15022222222222,9
Treat Williams,6.1803333333333335,18.250222222222224,9
Trevor Devall,6.7286,20.952199999999998,5
Troy Baker,6.2420909090909085,17.04172727272727,11
Ty Burrell,6.5994,25.4224,5
Ty Simpkins,6.9858,58.0236,5
Tye Sheridan,6.288625,33.58725,8
Tyrese Gibson,5.6037333333333335,50.58206666666667,15
Téa Leoni,6.4471428571428575,21.55557142857143,7
Ulrich Thomsen,5.633444444444445,18.431444444444445,9
Uma Thurman,6.282,24.80015789473684,19
Unsho Ishizuka,6.947,20.674,5
Val Kilmer,6.622227272727272,25.31822727272727,22
Valeria Golino,6.718428571428572,22.195285714285713,7
Vanessa Hudgens,6.069705882352942,23.696294117647057,17
Vanessa Kirby,6.636375,115.573125,8
Vanessa Redgrave,6.690333333333332,19.415333333333333,6
Vera Farmiga,6.9575625,41.9513125,16
Vera Miles,7.5072,24.563,5
Vicky Krieps,6.7876,29.386000000000003,5
Victoria Justice,6.527,15.772499999999999,6
Viggo Mortensen,7.056555555555556,33.925555555555555,18
Vin Diesel,6.500090909090909,53.11186363636364,22
Vince Vaughn,6.213541666666667,25.692000000000004,24
Vincent Cassel,6.585619047619048,25.035285714285713,21
Vincent D'Onofrio,6.274863636363636,58.641909090909095,22
Vincent Gardenia,6.8406,19.0172,5
Vincent Price,6.9275,16.01075,8
Ving Rhames,5.769045454545455,38.997136363636365,22
Vinnie Jones,6.087000000000001,19.1272,5
Viola Davis,6.5450625,29.3200625,16
Virginia Madsen,6.305666666666667,18.121833333333335,12
Virginie Efira,6.476000000000001,19.6298,5
Vivica A. Fox,6.4535,19.556375,8
Wagner Moura,6.2528,49.6392,5
Wakana Yamazaki,6.988533333333334,16.820333333333334,15
Walter Matthau,6.969499999999999,15.848500000000001,10
Walton Goggins,6.963285714285715,47.998285714285714,7
Warren Beatty,6.694166666666667,15.893,6
Warwick Davis,5.7878,18.058799999999998,5
Wasabi Mizuta,6.91276923076923,19.340923076923076,13
Wayne Allwine,7.0524000000000004,19.809199999999997,5
Wes Bentley,6.569599999999999,27.864799999999995,5
Wesley Snipes,6.2958823529411765,20.873176470588234,17
Whoopi Goldberg,6.947583333333333,33.97058333333333,12
Will Arnett,6.3923000000000005,28.1712,10
Will Ferrell,5.903499999999999,29.908399999999997,30
Will Patton,6.5914,24.719,10
Will Poulter,7.052200000000001,40.1454,5
Will Smith,6.527321428571428,31.76535714285714,28
Willem Dafoe,6.675421052631579,49.16789473684211,38
William Baldwin,5.912,21.10575,8
William Forsythe,6.6884,107.1462,5
William H. Macy,6.585333333333334,20.520416666666666,12
William Holden,7.529625,18.435,8
William Hurt,6.7745500000000005,19.1759,20
William Katt,6.087400000000001,18.2994,5
William Moseley,6.079000000000001,44.71183333333334,6
William Sadler,6.742,33.4035,8
William Shatner,6.407222222222222,20.706777777777777,9
Winona Ryder,6.439055555555555,21.169944444444447,18
Winslow Fegley,6.4686,22.8928,5
Woody Harrelson,6.614,31.27721951219512,41
Wu Jing,6.769666666666667,47.814,9
Yancy Butler,5.4488,18.603,5
Yaphet Kotto,6.994,27.538666666666668,6
Yeardley Smith,6.521666666666667,27.0825,6
Yoo Hae-jin,6.2,17.91342857142857,7
Yoo Jung,5.324272727272727,32.185,11
Yoon Yool,7.345000000000001,20.131,5
Yoshimasa Hosoya,7.6739999999999995,88.59166666666665,6
Yoshitsugu Matsuoka,6.718727272727273,31.77436363636364,11
Yu Aoi,7.327,20.2238,5
Yuen Biao,6.951833333333333,16.0925,6
Yuichi Nakamura,7.241499999999999,27.224,6
Yuji Ueda,6.7090000000000005,18.834,7
Yuki Kaji,6.563,29.915583333333334,12
Yuko Miyamura,7.7764999999999995,26.405666666666665,6
Yul Brynner,6.932333333333333,26.23183333333333,6
Yumi Kakazu,6.9055,19.877916666666668,12
Yuri Lowenthal,6.4635,21.108166666666666,6
Zac Efron,6.250260869565217,28.32469565217391,23
Zach Galifianakis,6.653133333333333,32.1122,15
Zachary Gordon,6.1842,22.0914,5
Zachary Levi,6.813090909090909,51.419000000000004,11
Zachary Quinto,6.710875,25.577625,8
Zendaya,4.689333333333333,62.4095,6
Zhang Ziyi,7.1352,23.1932,5
Zoe Kazan,6.7926,15.649599999999998,5
Zoe Saldaña,5.967407407407408,47.76685185185185,27
Zoey Deutch,6.587285714285715,18.741857142857146,7
Zooey Deschanel,6.381454545454545,32.33463636363637,11
Zoë Kravitz,6.385666666666666,43.69566666666666,6
Álvaro Cervantes,6.8031999999999995,34.3558,5
Óscar Barberán,7.0568,31.0214,5
