Actual Voting Average,Predicted Voting Average
5.5,5.9133863
5.732,6.561314
6.385,6.1712623
6.037,6.3822637
4.872,6.099411
6.943,6.6952634
6.763,6.5178576
7.424,6.984211
6.557,6.2631507
6.6,6.0871987
7.212,7.4161773
6.943,6.8882065
7.194,7.007473
5.958,5.5410323
6.351,5.5640764
6.232,6.282109
7.138,6.8498607
7.265,7.515379
6.31,6.429151
7.387,6.8767967
6.29,6.0627503
6.6,6.447632
6.646,6.2396517
6.248,6.209896
5.205,6.9124575
6.406,6.8897934
6.222,6.4612527
6.911,6.97358
7.191,6.938433
7.25,6.0523596
8.295,8.06746
6.733,6.0582113
6.6,5.73161
6.075,5.765363
6.068,6.0755515
6.997,7.121134
6.316,6.0794115
6.929,6.2942634
7.0,6.5759416
6.763,6.571592
6.478,6.410449
6.576,6.3917375
4.9,5.9978476
6.8,6.810676
6.46,6.4370246
6.755,6.5601387
7.223,6.873835
7.2,6.740802
6.098,6.018754
6.074,5.9438334
6.4,6.6087837
5.781,6.3007307
7.5,6.745531
6.802,6.755089
5.906,5.8334646
6.668,6.281404
7.048,6.8635755
4.987,5.7408123
4.683,5.426139
5.9,5.5226865
7.2,7.381376
6.7,5.1881433
5.85,6.0076838
7.648,7.040049
7.4,6.7220683
7.037,6.467953
7.568,7.3146663
5.608,5.465333
6.641,5.9143205
7.7,7.232203
6.711,6.3120723
6.13,5.9295006
6.917,4.7810655
7.065,6.7155347
6.75,6.638006
6.181,6.6443105
6.775,6.1450877
6.6,7.34164
6.3,7.066355
7.174,6.600854
7.293,6.8754263
5.528,6.5729218
6.385,6.7242093
6.36,6.6738734
6.6,6.8011494
7.738,7.3355327
5.678,5.8397202
6.137,6.4093895
7.52,7.710543
6.039,6.1967607
6.521,6.964794
7.39,6.5202346
7.892,7.183039
7.6,6.2701955
5.838,5.835944
6.702,6.046882
7.107,6.697084
5.55,6.2122507
6.996,6.9405494
6.329,6.772487
5.753,6.1564913
7.481,7.382093
5.6,6.607806
7.3,6.5074153
7.83,7.284877
7.7,7.578101
6.462,6.161234
6.503,6.0302267
5.336,7.191741
7.849,7.449046
5.854,6.3928485
5.222,5.9801474
6.127,6.0910673
6.936,6.6779647
5.64,5.946435
5.135,5.744967
8.47,8.136766
5.418,5.9342165
6.6,6.5891914
6.798,6.3502307
6.639,6.001112
7.375,6.292852
7.0,7.012621
5.653,5.843987
7.429,7.2412863
6.997,6.413731
6.807,6.667009
6.553,6.7839856
7.1,5.934338
5.76,6.714086
6.6,6.623636
6.117,6.2542243
10.0,5.607597
6.703,6.316559
5.7,5.713593
6.426,6.7435246
6.8,5.7054763
7.348,6.524702
5.805,6.184987
7.59,6.8234525
6.573,6.6440935
7.576,6.3251786
6.834,6.7748218
7.111,6.785124
5.4,5.958784
6.406,6.8146853
5.826,6.004951
5.314,6.9997983
6.28,6.434235
5.841,6.336018
7.042,6.89682
4.833,5.3079605
6.2,6.023126
7.475,6.7859936
6.525,6.5404363
5.596,6.3273835
7.542,7.2711215
7.041,6.8459435
6.261,6.082211
7.239,7.3389473
6.248,6.651482
5.845,6.368124
5.033,5.585036
7.013,6.7785873
6.95,7.2182236
5.768,5.9708447
7.151,7.4320736
7.476,7.0145407
5.848,6.1517496
6.7,6.3847256
7.207,6.6399693
6.448,6.8683763
7.241,7.0037937
6.012,6.7129755
6.988,6.963956
7.296,6.578219
7.18,6.821214
7.684,7.257471
2.995,6.160274
6.898,6.664226
6.6,6.361847
5.5,6.154207
6.748,6.557658
5.542,7.337379
5.955,6.3764095
6.8,6.2511454
6.1,6.0971317
5.53,5.5348673
5.031,6.801645
7.1,7.0981083
8.072,7.4181767
6.749,6.2604885
6.713,7.0943437
6.076,7.6069098
6.9,6.8946
6.7,6.296842
6.944,6.683321
5.707,5.8398657
5.6,6.0214767
7.0,5.728761
7.703,7.0521326
6.044,6.6321115
5.956,6.406885
6.091,6.256899
6.934,6.7010016
6.499,6.297047
6.567,6.5029893
6.398,6.7239804
8.209,7.8906846
6.495,6.609583
6.067,6.3717546
6.848,6.6827226
5.818,6.2649193
6.7,6.3468337
6.815,6.7350307
5.929,6.428897
7.742,6.8158092
7.563,7.655976
6.63,6.5946608
5.228,6.061757
7.082,7.6392903
5.861,6.9361267
5.2,6.1602106
6.013,6.5662575
6.6,7.095924
7.1,5.2506623
6.118,5.4345713
6.197,6.2934184
6.052,6.9796214
5.742,6.4083695
6.785,6.7796907
7.11,6.4917583
5.987,6.26634
7.024,7.379391
6.417,7.31481
7.3,6.917198
6.027,6.086649
6.83,6.5337877
6.4,6.22317
6.416,6.40853
6.0,5.330915
7.979,7.7030745
6.818,6.412439
6.5,6.234046
7.4,6.906102
6.728,6.3273196
7.6,7.062581
5.334,6.178306
6.094,6.407351
5.824,6.412227
6.447,6.54509
7.319,6.6956415
6.625,6.042453
7.348,7.2444735
6.7,6.652999
6.998,7.373152
6.813,6.5229087
7.2,7.3641863
6.73,6.774721
6.95,7.572432
5.733,5.7890263
7.05,6.5284815
7.348,5.6495104
7.1,7.347733
3.3,5.5188494
7.922,7.2151217
7.662,7.495821
6.2,6.0334387
6.948,7.1637473
6.951,7.189875
6.823,6.7524996
6.071,6.2242765
6.62,6.8078065
6.644,6.39955
5.1,5.7105017
7.405,7.6103635
6.2,6.486107
6.301,6.0192823
5.214,5.735872
9.0,6.4415402
6.6,6.312996
6.859,6.552482
6.307,6.6497383
6.2,6.080224
8.119,7.9000783
6.578,6.6164427
7.427,7.143118
6.396,6.303327
7.208,7.3563347
5.905,6.6401052
5.5,5.8561254
5.931,6.515763
5.0,6.2670946
6.171,6.317095
6.967,6.5555387
8.0,7.831375
7.3,6.978804
7.514,6.641955
6.209,6.2577295
7.043,6.730057
6.268,6.3796864
5.473,5.910636
8.206,8.112476
6.8,6.9244165
6.277,6.435432
5.885,5.8966827
6.282,6.4671173
6.2,5.883129
7.061,6.925676
7.0,6.1677275
6.094,7.108954
7.206,6.9160852
7.136,7.0238304
5.78,6.020851
7.434,7.441621
7.2,6.378373
6.8,6.443054
7.869,7.1601872
6.999,6.5318694
6.421,5.993968
6.401,6.895732
5.962,6.466195
4.7,5.503638
5.114,6.1327395
5.9,6.389264
6.7,6.3237066
5.996,6.605039
6.475,5.7870545
5.5,7.0938516
6.085,6.0891733
6.556,6.9255033
6.4,6.7648506
6.598,6.4755874
6.892,6.724296
5.318,4.9164634
7.8,7.8137527
7.3,6.293788
8.1,7.6619315
6.5,6.09568
5.9,5.327055
6.9,6.40447
7.063,7.185298
7.5,7.33832
7.574,7.2737455
6.9,6.2178187
6.442,6.968801
7.347,7.5211124
6.858,6.603435
7.037,6.4639854
6.109,6.154153
6.064,6.3816133
6.946,6.863858
8.015,6.7205057
6.7,6.7007456
6.152,6.3668346
6.615,6.1455083
6.5,5.5766973
4.796,5.697043
7.026,6.931299
7.04,6.03321
7.734,7.5395546
6.044,6.28612
7.947,7.4138637
6.3,6.2373486
5.2,6.33397
7.385,6.722227
6.2,7.0265527
4.6,6.1466002
5.377,6.0050497
6.754,6.7016993
5.2,5.838427
7.705,6.726448
6.393,6.294222
6.0,7.1893115
7.651,7.0185423
6.236,6.2190356
6.0,6.676659
6.318,6.570015
8.1,7.2339253
8.392,7.7907534
6.909,7.3669786
7.538,6.774363
6.86,6.539801
8.214,7.5886703
7.103,6.7894645
6.827,6.669908
6.388,6.331735
6.552,6.984969
5.208,6.6354327
8.0,6.725176
6.537,5.924393
6.494,6.1844206
7.428,7.3236976
5.684,6.085451
6.971,6.647064
6.993,7.110772
8.1,5.2808475
7.8,7.5273843
6.581,6.490131
5.521,6.149879
6.0,5.865222
6.771,6.833347
6.59,6.743904
3.0,5.9190826
6.7,6.831995
6.162,6.8829527
6.653,6.6827564
5.831,5.6105533
5.6,5.7157793
5.843,5.778428
7.489,7.156864
5.13,6.115366
6.705,6.4574776
6.126,6.644079
6.143,6.405588
7.2,6.956428
6.786,6.01955
7.612,7.1563683
5.5,6.6605372
7.053,6.993665
6.279,6.303222
6.5,5.9947343
7.017,6.7903767
7.492,6.595493
6.069,6.175528
8.164,6.6543803
6.288,6.5902085
6.425,6.7098107
7.638,7.4112234
6.625,7.045112
7.364,6.793502
7.6,7.185957
5.486,6.429386
7.5,7.1805816
7.2,6.865166
7.017,7.2098713
6.4,5.75257
7.619,6.8935437
8.2,8.186851
7.6,7.161916
6.826,6.1712785
7.13,7.012729
6.8,6.070039
5.931,6.279245
6.0,5.878335
6.8,7.0790906
6.504,6.8921757
7.421,7.057229
7.3,6.0607166
6.106,6.245491
6.55,6.7714477
6.088,6.2107096
6.91,6.1746902
3.664,5.869714
6.035,5.9722056
7.6,7.3729773
6.39,7.4042473
6.094,5.915938
5.636,6.2625933
6.2,6.229209
6.8,6.8175583
7.116,7.0108767
6.455,6.348464
7.27,7.0265365
6.217,6.3361983
7.014,5.790365
6.623,6.809771
7.614,7.196334
7.093,7.052126
5.707,6.410038
6.877,6.6433334
7.6,7.0453115
7.539,7.1453347
5.638,5.754578
6.476,6.26427
6.062,6.475567
7.0,6.259958
4.5,5.788017
7.654,7.305961
6.177,6.798276
7.247,7.1105595
5.956,6.0532703
6.881,6.967793
6.715,6.3647227
7.372,7.1334743
7.426,6.646719
7.7,6.735992
6.748,7.0707645
6.1,6.5169883
8.4,6.977271
4.679,5.764771
6.192,6.1609316
6.065,5.9521546
7.195,6.812825
6.58,6.9235716
6.675,6.5836005
6.0,5.7609634
6.887,6.604305
8.236,7.336246
7.6,7.5713887
7.1,7.0402007
6.244,5.64001
5.55,6.927939
6.866,6.884877
7.184,6.844388
6.9,7.423435
7.0,7.660448
7.9,7.753505
5.9,6.5360417
6.4,6.636755
7.504,6.877291
6.6,6.9396
4.963,6.526579
5.883,5.829479
6.192,5.838743
6.176,6.3721037
5.8,5.569463
7.1,6.621572
7.054,7.5196867
6.39,7.235999
6.745,7.07729
6.595,6.592198
6.9,6.883582
6.465,6.140764
6.564,6.771068
6.906,5.789793
6.46,6.1901793
7.916,8.0219345
7.3,7.0816283
5.458,5.9777813
6.752,5.9450912
8.0,7.4690204
6.465,7.106134
7.362,6.853882
7.21,7.111336
6.4,6.5479174
6.038,5.98288
5.4,6.194204
7.462,7.577885
6.968,7.484839
7.613,6.7097554
6.887,6.361664
7.3,7.4495625
5.946,6.130827
6.5,6.7252007
5.288,5.784855
5.976,6.2358775
6.705,6.8961844
6.113,6.1046906
7.291,6.544894
6.728,6.4432464
2.0,5.4664683
7.65,7.2367597
4.45,6.034322
6.097,6.5681696
4.108,6.097302
7.0,6.1658554
6.545,6.2665095
5.801,5.9937243
5.348,6.8505774
6.907,6.5375257
6.137,6.52556
6.055,6.234982
8.065,7.119906
6.687,7.345033
7.5,7.256646
6.0,6.88248
6.631,6.324044
7.406,7.101836
5.952,6.486893
6.5,6.0200167
5.983,5.893548
8.1,6.617339
6.866,6.8632474
7.171,6.90845
6.7,6.956354
6.366,6.589164
5.66,7.3916354
6.961,6.9905467
6.392,6.093397
7.998,7.3119006
5.959,6.067683
6.6,6.5116167
6.679,6.3930435
7.2,7.352352
5.469,6.339322
6.582,6.60412
7.774,6.688875
4.818,6.6486664
6.239,7.2808075
6.1,6.2664657
6.87,7.0816584
6.577,7.1021724
5.116,6.207341
3.754,6.1052847
6.51,6.802564
6.139,6.1765423
7.44,6.63618
6.499,6.316642
6.123,6.012912
7.333,6.724661
5.0,6.190739
6.3,6.1505523
6.3,6.5313344
6.822,6.666889
6.059,6.162699
6.272,5.819462
8.133,5.7448893
7.511,6.5903316
7.582,6.5584173
6.539,7.16708
7.463,7.0065966
6.423,6.5834155
5.2,5.813718
6.5,6.990765
7.509,7.1130896
7.93,7.4856596
6.734,6.4304996
7.361,7.0171466
6.488,6.640712
6.886,6.221188
7.648,6.9361258
4.3,6.2355075
6.995,6.635625
6.948,7.0762625
6.6,6.9671645
8.203,7.881611
6.4,6.19495
6.094,6.1222005
6.055,6.6743693
7.064,7.222225
6.013,6.352867
7.156,6.869891
6.88,6.698573
8.5,7.0415998
5.291,6.567842
4.902,5.8762083
6.702,6.301985
7.2,6.8919697
6.986,6.5941763
6.965,6.9493403
8.167,7.8332343
6.238,6.264168
7.508,6.366133
7.3,7.022369
4.714,5.3616138
6.853,6.680953
6.253,6.166359
7.183,6.806795
7.845,7.827823
6.951,6.810796
6.226,6.497496
6.289,5.8913493
8.189,6.5020385
5.468,6.8120775
7.36,7.6178555
4.4,6.510899
7.106,7.1850605
6.281,6.519055
7.969,7.454652
6.923,7.0432825
7.184,7.44131
5.057,5.79738
6.6,6.5840545
6.4,6.252369
6.311,6.228969
5.911,5.9672704
5.757,5.7958217
6.25,6.254059
6.5,6.364528
7.5,7.2288475
6.154,6.579438
7.012,6.7072463
7.731,7.4311156
6.564,6.811022
6.014,5.977115
6.697,6.618064
5.765,6.235189
7.2,6.4885287
6.1,6.675047
5.786,6.445957
7.7,5.490423
6.481,6.218446
6.566,6.6019034
6.628,6.483078
6.666,6.573873
7.34,7.5893326
6.781,6.6213756
7.043,6.5755825
6.374,6.290587
6.6,6.509005
6.818,6.5295677
6.9,6.525394
7.502,6.844043
7.2,6.834954
6.053,6.038833
5.547,6.167324
7.2,6.7139373
6.908,6.6282234
7.402,7.276657
7.2,6.6567225
6.786,6.6779304
8.175,8.04108
7.936,7.309236
6.5,7.442341
4.789,5.274068
6.814,7.102879
6.533,6.046108
6.365,6.8597255
6.5,6.2558055
6.197,6.741264
6.39,6.417788
6.7,6.6599264
6.49,6.191262
6.45,6.1614466
7.311,6.6167316
6.2,6.179344
6.5,6.250753
7.2,6.7986507
7.406,6.690068
7.492,7.135037
6.631,6.089316
6.456,6.177204
6.414,6.2830048
5.031,5.747408
7.7,7.247794
6.691,6.480248
6.557,7.2235413
7.488,6.8166714
5.435,5.226133
4.7,5.756897
6.01,6.4972606
6.466,6.7124324
5.017,5.8610983
6.716,6.444166
5.29,5.741701
6.98,6.639155
6.777,6.9244475
7.4,6.942631
6.988,7.0556655
4.0,4.9070864
7.754,6.7562914
7.16,6.8686776
8.0,7.274095
7.2,6.914888
5.7,7.276886
7.251,6.809858
8.115,7.6034365
6.533,6.0675683
6.634,6.307166
6.241,6.418013
6.54,6.6737924
4.201,5.911125
6.115,5.9217277
5.5,6.8785
5.9,6.0808134
7.475,6.9382963
6.355,6.4780564
6.624,6.764154
4.8,5.2912827
6.17,6.0951195
7.064,7.0399094
5.6,6.2983856
7.479,6.8812585
6.876,6.6288905
7.055,6.9543614
6.145,6.621218
5.571,6.159778
5.863,6.4285264
5.9,5.956798
6.406,5.958828
6.5,6.3736143
6.533,7.300281
6.349,6.2193146
7.0,6.8661127
6.584,7.187563
6.8,6.469062
5.889,6.1587424
4.719,6.1012654
5.3,6.2879887
6.111,6.1468687
7.342,7.5948977
6.9,5.3525558
7.05,7.05942
7.2,6.454572
6.833,6.298641
7.024,7.19684
6.5,6.643276
7.8,6.5977845
7.418,6.639966
5.421,5.9707847
6.569,6.7239795
7.9,6.6758714
7.742,7.4533205
5.848,6.6041203
6.869,6.793901
6.661,5.892673
6.341,6.706174
6.698,7.2222424
6.057,5.970642
4.286,5.959954
5.948,6.1779113
6.7,7.0166574
5.931,5.692888
6.475,6.420811
7.44,7.4807825
6.9,7.0950327
6.282,7.0523376
7.0,7.3886375
7.549,6.7307057
5.815,5.9799395
6.858,7.0266685
6.741,7.2133083
5.9,4.7632184
5.556,6.2905526
6.317,6.4729013
6.3,6.0353603
6.951,6.381588
8.0,6.8206487
6.869,6.2708716
6.2,5.8784766
7.034,6.911576
7.9,7.524652
6.662,5.7061296
6.542,6.0643864
4.536,5.616503
5.727,5.537948
6.32,6.7994123
6.1,6.2678385
7.053,6.9418283
6.494,6.8444066
4.774,5.670048
8.129,7.818303
7.133,6.754091
7.25,6.703105
5.418,5.9289656
6.509,6.395421
7.426,6.7485557
6.768,6.46158
7.2,7.104933
6.102,6.6031013
5.623,6.345651
6.138,5.766204
5.945,6.135671
4.641,5.591976
7.0,6.348401
4.9,4.8737383
5.384,5.808755
5.5,5.9853044
6.868,6.308609
6.78,7.0796747
6.11,6.143587
6.48,6.1299186
7.322,7.288995
5.564,5.738306
7.015,6.63723
5.824,7.539897
6.719,6.9901705
5.6,5.9754906
6.715,6.769669
6.67,6.5369854
7.727,6.889673
6.248,5.861424
5.9,6.703668
4.6,6.4198084
6.175,6.0055275
7.794,7.3025045
6.5,5.98749
6.559,6.960879
7.316,6.5177765
4.332,5.789124
6.7,7.1986084
7.964,6.7154016
7.238,6.735533
7.125,7.112373
7.297,6.4213934
6.573,6.3344913
7.011,7.1035523
5.562,6.1562233
5.869,6.010081
8.072,6.7587447
5.667,6.2789197
6.6,6.4160943
6.0,6.609086
6.039,5.9579515
5.221,5.9028454
6.1,6.0792584
6.514,6.6555214
6.575,6.914047
6.163,6.5210032
5.412,5.707515
6.732,6.910751
5.975,6.245643
6.1,5.980962
7.039,7.099458
7.109,6.8253307
7.956,7.327868
6.938,7.7170196
7.4,6.8205786
7.203,6.6211176
5.933,6.5309205
7.308,6.9389133
7.041,6.924543
6.508,7.584397
6.235,5.981879
5.717,6.382619
6.822,6.383238
6.7,6.465358
6.714,7.0696197
6.394,5.9616094
6.82,6.7837553
6.88,6.8616962
6.34,6.47907
7.0,6.4267397
6.061,6.90663
5.733,6.5723095
5.278,6.0038304
7.956,8.20349
5.974,5.9156117
8.077,7.7846465
5.722,7.035063
7.198,6.4607387
7.888,6.6697736
4.9,5.7489223
7.652,7.0156274
5.772,5.979595
6.4,6.5259438
6.651,6.3270807
7.9,7.535706
7.05,7.6651864
7.0,6.8766828
6.82,6.8013062
7.469,7.4009523
6.092,6.027483
6.0,6.4664745
5.56,6.19545
5.809,6.579413
6.11,5.8315268
7.138,7.157988
6.104,6.5653477
6.785,6.5818577
7.67,6.9222846
7.2,6.7615643
5.55,5.9252076
7.18,7.1718445
5.731,6.3597035
5.0,5.622153
7.748,6.9997067
5.954,5.9917574
6.893,6.9295382
4.0,5.8053694
7.0,6.9837694
7.1,6.8949637
5.238,6.1874533
6.121,6.3514304
6.7,6.352401
5.193,5.7748656
5.5,5.602045
7.4,7.8474755
6.883,6.233404
7.221,7.0447187
7.692,7.2866545
7.2,7.1994977
6.5,6.402029
6.2,5.351219
6.273,6.498907
6.074,5.952941
5.4,6.426962
6.8,6.8230257
5.394,6.901822
6.335,6.4075227
7.045,7.016776
6.41,5.8576436
6.414,6.592564
7.5,7.10256
6.307,6.445867
7.11,7.175947
6.289,7.306657
6.04,6.551582
6.282,6.3372164
7.31,6.961972
7.0,5.4959435
5.472,6.186942
4.615,5.1393757
6.343,6.1421947
7.0,6.558369
5.82,6.350595
7.792,6.877542
6.6,6.1315856
4.3,5.4995255
6.5,6.7227077
7.046,6.020816
7.906,7.7522182
7.0,5.871591
5.5,6.1551
7.6,6.9603415
7.1,7.1562085
5.802,6.172096
6.922,6.903857
4.8,5.2181106
7.083,7.2610435
7.9,7.7084565
6.5,6.4704337
5.866,5.74468
7.054,7.127272
8.291,7.6945186
7.0,6.9348464
7.131,7.000541
6.981,6.2347393
6.695,6.13102
7.714,7.1687403
6.6,6.3617787
6.165,6.6973147
6.466,6.6354365
7.205,5.9818835
8.378,6.921016
6.684,6.5028543
6.8,6.5677466
6.0,6.9959154
7.016,6.6153197
6.055,6.5242925
7.652,7.661885
7.2,6.889548
6.432,6.3615327
6.851,6.3635225
7.206,6.705885
6.066,6.0672946
5.1,5.746223
6.0,6.5695734
6.5,6.9612775
7.4,6.9526353
5.323,5.435434
6.927,7.248577
7.08,7.01116
6.004,6.099106
4.6,6.1806045
5.14,5.4747677
5.915,6.451973
5.423,5.6136975
6.883,7.1625648
7.248,6.8657756
4.8,6.0424743
7.508,6.7585397
7.0,6.350356
7.2,5.8890247
6.39,7.0509267
6.151,5.9951854
5.083,5.7881713
6.284,6.321029
6.5,6.438115
7.583,7.133683
7.147,6.631565
6.231,6.561901
6.527,6.177216
6.221,6.254946
6.173,6.9413877
7.345,7.304856
6.41,7.1953206
6.482,6.475309
6.988,6.967108
7.152,6.460763
7.106,7.4823294
7.047,6.7507052
6.614,6.6731353
5.508,6.1688204
5.3,5.698301
7.361,6.0232763
6.4,6.4785547
5.816,5.828986
6.964,6.7295833
6.265,6.362456
7.537,7.5252137
7.63,6.90933
7.797,7.383122
7.748,7.4602003
6.908,6.548072
7.576,7.3041143
5.692,6.3664002
6.2,6.8782115
4.5,6.325097
7.149,6.6983953
6.8,6.7317233
7.0,6.6905785
6.836,6.7956686
6.119,6.768666
6.1,5.9584966
6.9,6.1718626
5.615,6.5595284
6.8,6.37793
7.1,5.8301015
6.969,6.7911525
5.0,6.1768603
7.8,7.6716337
5.6,5.0976467
6.474,5.8309593
7.6,7.151422
6.579,6.588973
5.2,5.207765
7.397,6.6585293
7.76,7.556306
7.515,7.085982
6.53,6.940755
6.658,6.0303845
6.417,6.627569
7.398,7.0200496
5.556,6.48954
6.647,7.1336327
5.577,6.7559137
8.141,6.953091
7.2,7.328553
7.3,6.8149467
7.5,7.795416
7.495,6.829891
7.145,6.921574
6.592,6.4496493
6.086,6.5107474
5.601,6.5214944
6.148,6.3129826
8.2,7.6761866
5.51,5.747294
6.487,6.366766
6.936,6.511822
7.333,6.486139
6.75,7.317221
6.835,6.470383
5.953,6.1727476
7.062,6.6630616
5.6,6.427222
7.087,6.730858
5.971,5.9314747
7.411,7.2149105
6.138,6.4624586
6.76,6.5154567
7.7,7.433117
5.398,6.113575
8.173,7.7011003
7.9,7.9016795
6.298,5.873591
6.289,5.775507
6.235,6.2410445
7.175,6.8795595
5.25,6.213484
7.916,7.227446
6.478,6.11745
6.89,7.4738584
6.197,6.6863
5.9,6.946345
8.477,7.828324
6.841,6.2946463
7.166,7.4850044
7.755,7.7254925
7.128,6.550951
6.152,6.252709
7.79,7.3096843
5.62,5.367621
7.488,7.091661
8.158,7.523859
7.447,6.833796
7.6,6.8024035
5.658,6.0369773
4.4,5.457665
5.0,5.3809385
7.0,6.9525714
5.629,6.2322946
7.326,7.0281396
6.895,6.733209
6.846,6.8772335
7.4,6.3613915
5.899,6.737082
6.4,6.3817625
5.792,5.507909
5.875,5.3177342
6.448,6.6506395
7.3,7.089716
5.5,6.2146754
5.9,6.4155974
6.709,6.239327
6.5,6.7411113
4.5,5.8557763
5.0,5.113025
4.9,6.1710668
6.002,6.272585
6.225,6.0186043
7.1,6.4807796
5.377,6.0896287
5.002,5.637385
7.6,7.7543297
5.828,6.477564
5.5,5.6849103
6.556,6.146365
5.7,6.28482
6.087,5.8746524
7.388,6.8568354
7.44,7.1713943
6.565,5.5178957
7.358,6.4933553
5.885,5.9916368
5.717,5.9412475
7.3,6.656915
7.293,6.840504
7.291,6.8575788
6.7,6.019731
6.577,6.123039
6.405,6.5835524
4.715,6.137469
7.277,7.660962
7.523,7.043172
6.6,6.9017224
5.99,6.056999
6.6,6.6275797
5.8,6.067828
6.959,7.1016173
7.355,7.385937
6.0,6.2924595
7.994,7.848721
6.675,6.7521358
5.973,6.2016125
6.4,6.733162
6.699,6.2343016
4.2,5.737119
7.145,7.1183558
5.765,6.156014
7.1,6.482664
6.062,6.559315
4.433,5.8594084
8.378,7.8083982
6.124,5.785578
6.971,7.231556
6.8,6.894566
6.7,5.982413
7.331,6.4177957
7.5,6.828536
5.324,5.6080937
7.9,7.297109
6.847,7.2114916
8.2,7.6684804
8.4,6.8228526
5.771,7.5234714
7.754,7.3571544
6.091,6.2821236
6.763,6.760963
5.9,5.9156857
6.0,6.8219
5.833,6.3695016
4.5,5.2603817
5.125,6.2752485
6.727,6.869328
5.3,6.0579753
8.1,7.050608
8.337,7.846058
7.508,6.6986785
5.1,5.9089475
5.717,6.144207
6.989,6.880032
7.382,7.285344
7.242,6.9329
7.309,6.8470154
7.598,7.0713825
6.724,5.881464
5.5,6.234859
7.814,6.4382615
7.303,6.8890023
7.081,7.209603
7.067,6.685603
7.167,6.486022
6.249,6.186242
5.574,6.1745358
6.458,6.4739733
7.425,6.9168096
6.7,6.5620556
5.412,5.8136945
5.787,5.7858157
10.0,6.8687754
6.32,6.079498
6.581,6.6336594
7.191,7.129972
6.187,6.452242
5.129,6.1643157
5.855,6.3576736
6.547,5.8480496
6.559,6.1943684
7.281,7.1172585
5.599,6.5881014
6.591,6.8486834
4.5,5.7724314
7.0,6.9643016
6.953,6.6081533
6.1,6.2938185
7.466,7.1863427
5.325,6.386968
6.503,6.383648
6.837,6.96247
6.924,6.8891015
7.2,5.7966266
6.018,7.041026
6.803,6.197247
5.86,6.682641
6.712,6.539358
6.754,6.178351
6.286,6.0734134
6.7,6.2155466
6.3,6.3349986
7.46,7.479568
6.353,6.7048106
6.751,6.4987097
7.421,6.9223094
7.8,6.797122
5.382,5.804987
5.305,5.873429
7.147,7.220759
6.615,7.024031
6.5,6.890619
7.2,6.574603
7.7,7.704286
7.011,6.634654
5.478,5.8681345
6.471,6.7472377
8.167,6.4485173
5.974,6.6150246
7.597,7.299788
7.107,6.79074
5.791,6.2696223
6.388,6.1389995
6.54,6.675012
6.92,6.6139193
6.564,6.6118693
8.401,7.535436
7.253,7.1091347
7.0,7.114325
7.611,6.709363
5.2,6.1751723
6.789,6.4075527
5.7,6.181581
5.7,5.263797
6.4,6.3241973
6.0,6.576734
6.659,6.3474355
6.991,6.1575027
6.8,7.0039406
7.42,6.9856863
4.305,5.4106717
7.168,6.9584084
5.119,5.831629
6.414,6.287466
5.4,6.6276793
6.0,6.291848
8.008,7.764592
7.641,7.3632627
6.435,6.6983585
5.179,6.2593555
6.6,6.9200354
5.634,6.181001
2.7,6.497627
4.444,5.513047
5.885,5.78515
7.6,7.3250976
6.9,6.472518
5.003,6.105074
7.342,6.9389033
5.968,6.551929
7.0,6.86895
7.524,7.4895883
6.923,6.5214205
6.58,6.7511606
5.556,6.4230247
5.558,6.2166576
7.0,7.222736
6.481,6.6033244
5.96,6.777401
6.093,6.1380177
6.6,6.335999
6.395,6.248695
6.198,6.0033827
7.4,6.627376
6.432,6.4542804
6.2,6.380036
6.119,6.764924
5.894,6.4932737
6.5,6.3020926
7.163,6.906549
7.143,6.502005
5.8,5.9186506
6.023,6.029302
6.7,6.6839323
7.5,6.9627647
6.6,6.63616
4.375,6.090932
8.006,7.6005597
6.732,6.9356933
6.501,6.333884
7.4,7.107985
8.114,7.759442
6.357,6.396662
6.116,6.0655894
7.139,6.235605
7.1,6.4905524
8.168,8.104345
8.3,7.2597837
5.8,5.9951744
7.685,7.128288
7.3,6.7320085
6.64,6.6909776
5.688,5.7690115
5.947,6.2472577
5.821,5.9830484
6.07,6.291176
6.203,6.119883
7.334,6.8929353
7.488,7.68564
6.692,6.3877506
5.624,5.906672
6.617,6.600441
6.124,5.9574404
6.111,6.021954
7.102,6.918071
6.967,6.3794193
6.6,6.32472
4.4,4.95712
5.949,7.080416
5.653,6.0431857
6.7,6.6354876
6.399,6.4810653
6.397,6.1624656
6.428,6.010243
7.488,7.135082
7.474,7.016255
7.144,6.3301263
6.985,6.6538105
7.047,6.3288407
6.004,6.9152536
7.934,7.0116234
8.385,7.8684855
7.019,7.1881003
6.3,6.016538
8.237,7.224343
7.584,6.8120203
5.913,6.413438
7.9,8.004575
6.203,6.0089407
7.0,7.10665
7.877,7.193546
6.268,6.669063
6.335,6.2707253
5.7,5.98296
6.229,6.1933656
7.9,7.009115
3.25,5.979659
6.511,7.2512183
7.055,6.8978405
7.333,7.219515
6.788,7.136927
5.667,5.700912
6.833,6.50517
4.542,6.0134997
6.602,6.9130883
5.5,5.200648
6.455,6.297236
6.73,6.678795
5.94,6.4075027
6.783,6.8669076
7.171,7.0142264
5.522,5.987444
7.035,7.033416
7.0,6.719232
7.0,7.1971035
7.982,7.0216813
5.6,5.5976124
6.098,6.4220324
7.628,7.108576
5.939,5.9029703
5.5,5.964144
6.147,6.604676
6.0,6.167402
7.361,6.2285905
5.831,6.03659
7.148,6.457375
6.065,5.7640624
5.239,5.9642057
6.7,6.433162
7.025,7.2329082
5.1,6.0235925
7.542,7.226496
5.177,6.33729
7.145,7.124022
7.0,6.2200875
6.404,6.4257407
5.91,6.7279987
7.329,6.738261
7.2,7.2946677
6.9,6.4547615
6.092,6.3351326
6.302,5.7618804
5.537,5.70195
6.452,6.667449
6.687,6.633485
7.0,6.790424
5.9,6.387092
7.671,7.1395445
5.821,5.9058213
6.923,5.807566
5.708,5.736941
6.468,6.3075895
7.324,6.8210206
7.749,7.681248
7.972,7.6926284
6.3,6.2463036
6.8,6.245955
6.154,5.9233737
6.028,5.804097
7.295,6.665968
7.2,6.4953237
6.207,6.860732
6.781,6.984737
5.659,5.948746
6.2,5.724046
6.529,6.1062465
6.63,6.150807
6.7,6.5030513
7.0,6.6832933
6.88,6.604311
6.576,6.55173
6.846,6.4169497
6.688,6.3133974
5.6,5.947611
6.88,6.547495
6.879,6.629258
6.2,6.4048824
5.701,6.1482234
8.427,7.7382417
6.4,6.607824
7.011,6.1093655
7.546,7.7127576
6.876,7.076274
6.387,6.3258185
6.535,5.8526454
7.68,6.4334097
6.7,7.102619
6.254,6.4494987
6.218,6.332477
7.7,6.3058558
7.194,6.442742
5.339,5.9345512
7.118,7.290412
6.2,6.0536313
7.371,6.555246
7.357,7.176838
5.9,6.3953733
5.92,5.9898725
5.639,5.3354087
7.74,7.4990516
7.502,7.295775
6.522,6.516485
6.7,6.030436
7.412,6.5145335
6.618,7.23599
4.7,6.275288
7.7,7.1666656
6.847,6.7002306
6.826,6.96089
5.057,5.4229884
5.4,6.2139225
6.277,6.7210836
7.223,7.3847556
6.781,6.558999
5.541,6.2400084
4.944,6.147915
5.942,6.5314484
5.8,6.2302594
7.527,6.908108
5.2,6.5922837
7.353,7.479625
6.649,6.710454
6.331,6.180681
6.4,6.272084
7.079,6.8293247
5.485,5.811926
7.084,6.1903014
6.15,6.5757947
7.625,6.9205484
6.735,7.261186
7.286,6.662226
6.1,6.219307
6.789,6.916835
6.244,6.811324
6.1,5.8275003
5.2,6.6317854
6.9,6.7628355
6.834,6.3437576
4.8,5.1382194
6.678,7.1668077
6.8,5.97084
6.6,6.849524
6.879,6.787588
6.709,6.724083
5.9,5.9517946
7.125,6.733518
6.1,6.811868
8.058,7.8146825
6.0,5.8066964
5.576,5.9001317
6.194,6.4273396
6.073,6.7591543
6.3,6.3527393
7.584,7.4800253
6.835,6.9079237
6.1,5.959746
7.252,6.446536
4.294,6.101421
6.802,6.5317187
5.767,7.177113
7.4,5.9573407
5.6,5.689305
6.744,7.1074696
7.182,6.5288053
8.25,7.6848946
6.377,6.472146
5.579,5.937005
5.6,5.9724164
6.394,6.74235
7.549,7.0606937
6.934,6.5969
5.852,6.2154293
5.838,5.66373
7.585,7.472347
5.405,6.2887793
6.627,6.3353724
6.579,6.0859027
5.356,5.582766
6.46,6.7633553
5.754,5.325542
6.249,5.5317473
6.8,6.1846046
4.2,5.683163
7.411,6.8370767
4.517,5.67125
5.274,5.612662
7.176,6.704756
7.012,7.0595427
6.151,6.385934
6.839,5.932119
5.877,5.6026273
6.536,7.422613
7.324,6.8731537
5.903,6.628933
6.9,6.8764853
4.53,5.897771
6.614,6.512938
5.7,5.920321
7.539,6.830775
7.209,6.7437086
6.661,6.373961
7.81,7.4420357
6.723,7.1755314
7.999,7.9924283
6.5,6.427257
7.348,6.03231
5.3,5.670785
6.535,6.7458954
6.5,6.694788
7.687,7.195265
6.987,6.796426
7.54,7.087484
7.383,6.9047337
5.581,6.0308256
8.187,7.6319547
6.3,6.6437063
6.2,6.4125586
5.98,5.763025
6.099,6.726987
6.836,6.911716
6.6,6.663604
7.79,7.44716
3.556,5.188508
5.519,6.0618296
7.7,5.5215435
8.3,7.9148407
7.992,7.443149
6.567,5.8902144
8.0,6.0099697
6.513,5.862728
6.582,6.8421607
5.2,6.0000663
5.288,5.7446923
7.129,6.9033265
7.345,7.314355
5.22,6.7234383
5.732,5.788934
7.115,6.855851
5.855,6.1090035
6.2,5.483289
5.6,5.498886
6.207,6.4560504
7.998,7.1228366
7.11,6.548979
5.916,6.327848
5.769,6.1028605
6.8,6.841485
6.73,6.1217666
6.8,7.310831
5.788,6.630524
6.9,6.032406
6.257,6.17121
8.276,7.217144
6.124,6.784679
7.422,7.269327
3.881,6.03211
7.2,7.02172
5.853,5.904721
6.193,6.4028854
6.8,6.546194
6.492,5.9375167
5.524,5.795642
7.5,7.6680145
7.745,6.810121
6.789,6.387763
6.904,6.9736185
7.045,7.0564156
5.961,6.6595535
7.486,7.2148747
6.9,6.672298
7.299,6.748002
7.015,7.145444
6.548,6.085621
7.4,7.09815
7.044,7.1429143
6.47,5.7741113
7.463,7.298662
6.614,6.2913837
5.0,5.5531335
5.883,6.087347
6.544,6.3850894
6.434,6.6074505
7.375,6.6598682
6.5,6.328028
5.831,5.6800685
6.105,6.6375566
6.9,6.54653
5.244,5.614852
6.279,6.380933
7.247,6.8993497
6.583,5.509107
6.681,7.0441008
5.874,6.4217286
6.202,5.891316
5.709,6.2475805
6.556,6.1742396
6.229,6.772487
6.416,6.3378463
8.216,8.275338
6.8,6.663518
6.539,6.2619925
6.861,6.319275
7.471,7.1535664
6.1,6.3513947
7.474,6.6319613
6.092,6.0459995
9.5,7.192412
5.598,5.8215075
6.407,7.0265203
6.455,7.072014
6.768,6.156128
5.982,6.1784315
5.934,5.809386
7.8,6.839403
6.42,6.5114975
7.092,7.1292124
7.045,6.6016665
6.699,6.565798
6.885,5.736819
5.992,5.50992
7.436,7.5849295
7.0,6.9938016
6.816,6.828686
6.813,6.8136625
6.4,6.0957937
7.227,6.5162597
8.138,7.869953
7.211,6.9966383
7.554,7.347725
7.533,7.3865466
5.596,6.135161
5.255,5.9716377
7.26,7.2192826
6.331,6.039642
6.686,7.2079654
6.436,6.14858
4.801,5.3005385
8.224,7.534934
6.69,6.7437177
6.542,7.3486967
7.233,7.130754
8.2,8.048781
6.1,5.788804
7.571,6.907846
6.2,6.2576737
6.854,7.438414
6.913,6.4399595
8.083,7.305327
5.658,6.0587673
6.2,6.781234
6.848,6.3381143
6.747,6.8021
5.91,5.8387613
7.314,6.9218254
6.035,6.206413
6.4,7.0921087
7.717,7.9493194
6.041,6.885184
5.9,5.975116
5.867,6.3026853
6.089,5.9741983
5.857,5.461971
7.241,7.517627
7.695,7.6949677
8.204,7.633083
6.059,5.8967237
5.878,6.121469
5.495,5.824319
6.611,7.0575128
7.3,6.5488133
6.483,6.414852
7.483,7.408901
6.973,6.754931
5.262,6.079333
7.57,7.1720886
6.484,6.947387
6.1,5.9986987
6.195,6.038101
6.5,6.787525
6.286,6.8591294
8.023,7.625253
6.761,6.5709653
6.357,6.4051266
6.884,6.775589
6.388,5.900176
6.686,6.3589296
5.359,5.9219522
6.215,5.972893
6.798,6.4068627
6.2,6.556543
8.003,6.3223352
7.115,6.8114595
5.827,6.2283096
6.9,6.5083933
5.995,6.967959
6.355,6.4302096
6.77,6.9888883
5.93,6.5942354
6.5,6.6561017
7.7,7.293171
7.921,7.7529483
6.917,6.7156663
7.364,6.1967473
6.876,5.892448
4.8,5.935718
6.471,6.6567945
6.561,6.5801053
3.512,5.7851677
6.934,6.6191177
7.58,6.750552
6.999,6.9129233
6.3,6.583337
6.093,5.1427655
5.94,6.21964
6.894,6.5619287
7.5,6.5094843
6.8,6.8180537
4.803,6.31617
6.7,6.989392
6.257,6.267388
5.114,5.5899506
6.56,7.0623827
5.6,5.7331076
6.4,5.7551546
8.333,6.785988
7.9,7.3155546
7.288,7.680705
7.015,6.9700937
5.659,6.317913
7.6,7.224101
6.322,6.735662
7.226,7.5157604
7.553,6.5977426
5.669,5.7878904
6.578,7.381441
6.4,6.279978
6.281,6.4674425
6.638,6.24069
7.218,6.9608226
6.654,6.783956
7.855,7.281858
4.8,5.669632
7.2,7.172875
6.637,6.3697085
6.077,6.3603973
3.9,5.0364766
7.032,6.6416655
6.665,6.5855327
5.586,6.00731
7.906,7.5313096
6.5,6.0028687
7.74,7.054459
4.926,6.179631
7.7,7.2012205
6.786,6.803594
7.945,7.9498577
2.0,6.101669
7.422,6.9580717
5.194,6.297196
6.256,6.3416266
7.275,6.848379
6.935,6.8768597
6.579,6.571077
6.71,6.180636
